ActualOrderValue,PredictedOrderValue,PredictionError,AbsoluteError
300.71,325.44,-24.73,24.73
119.05,181.4,-62.35,62.35
440.64,585.06,-144.42,144.42
269.17,371.72,-102.56,102.56
137.14,194.01,-56.87,56.87
5.8,730.49,-724.69,724.69
112.38,121.78,-9.4,9.4
269.04,35.8,233.24,233.24
79.8,660.86,-581.06,581.06
224.28,256.87,-32.59,32.59
343.75,280.57,63.18,63.18
112.08,50.32,61.76,61.76
406.0,1153.42,-747.42,747.42
17.4,205.03,-187.63,187.63
206.7,256.16,-49.46,49.46
228.7,231.14,-2.44,2.44
505.0,212.7,292.29,292.29
242.6,159.95,82.65,82.65
157.0,151.69,5.31,5.31
266.7,897.52,-630.82,630.82
244.8,208.99,35.81,35.81
366.56,695.23,-328.67,328.67
220.83,946.38,-725.54,725.54
302.44,353.27,-50.83,50.83
473.96,639.25,-165.29,165.29
2016.78,706.16,1310.62,1310.62
123.1,605.0,-481.9,481.9
300.18,333.98,-33.8,33.8
161.46,247.66,-86.2,86.2
154.15,499.83,-345.68,345.68
626.01,543.3,82.71,82.71
106.44,119.08,-12.64,12.64
251.8,268.57,-16.77,16.77
136.63,188.98,-52.35,52.35
174.0,282.47,-108.47,108.47
193.6,402.02,-208.42,208.42
17.4,329.73,-312.33,312.33
475.44,263.54,211.9,211.9
637.72,615.94,21.78,21.78
1692.0,1154.44,537.56,537.56
612.91,501.54,111.37,111.37
30.0,23.79,6.21,6.21
284.76,429.42,-144.66,144.66
165.83,182.41,-16.58,16.58
3.75,18.48,-14.73,14.73
236.1,158.07,78.03,78.03
117.94,135.71,-17.77,17.77
474.02,416.02,58.0,58.0
1463.64,548.98,914.66,914.66
264.6,488.16,-223.56,223.56
329.44,407.42,-77.98,77.98
220.04,303.61,-83.57,83.57
270.02,359.93,-89.91,89.91
199.96,288.05,-88.09,88.09
51.4,233.7,-182.3,182.3
204.07,259.57,-55.5,55.5
659.65,614.09,45.56,45.56
247.68,287.38,-39.7,39.7
112.47,148.52,-36.06,36.06
137.3,95.21,42.09,42.09
356.4,292.4,64.0,64.0
333.2,425.99,-92.79,92.79
180.0,1835.65,-1655.65,1655.65
0.95,111.54,-110.59,110.59
5.95,340.21,-334.26,334.26
263.16,165.73,97.43,97.43
110.7,187.35,-76.65,76.65
61.2,58.36,2.84,2.84
132.18,253.92,-121.74,121.74
284.44,149.04,135.4,135.4
277.48,712.57,-435.09,435.09
99.0,250.66,-151.66,151.66
282.9,279.04,3.86,3.86
54.6,180.88,-126.28,126.28
799.38,305.89,493.49,493.49
422.98,437.33,-14.35,14.35
238.92,167.04,71.88,71.88
207.5,327.1,-119.6,119.6
194.12,161.27,32.85,32.85
163.6,161.94,1.66,1.66
222.84,208.67,14.17,14.17
9.95,311.73,-301.78,301.78
446.16,304.58,141.58,141.58
196.9,167.7,29.2,29.2
898.14,610.8,287.34,287.34
15.0,66.67,-51.67,51.67
462.31,358.75,103.56,103.56
189.5,244.98,-55.47,55.47
309.38,703.24,-393.86,393.86
160.2,375.23,-215.03,215.03
896.71,722.68,174.03,174.03
117.98,404.96,-286.98,286.98
307.56,738.36,-430.8,430.8
16774.72,340.72,16434.0,16434.0
183.5,139.44,44.06,44.06
336.91,617.4,-280.49,280.49
127.83,176.09,-48.26,48.26
174.6,82.88,91.72,91.72
505.48,416.51,88.97,88.97
526.26,417.4,108.86,108.86
188.7,3346.23,-3157.54,3157.54
908.46,563.58,344.88,344.88
918.16,266.67,651.49,651.49
1437.5,1024.14,413.36,413.36
460.83,572.97,-112.14,112.14
543.6,183.42,360.18,360.18
1159.06,522.73,636.33,636.33
304.2,686.03,-381.83,381.83
67.0,100.73,-33.73,33.73
106.91,147.25,-40.34,40.34
320.6,319.14,1.46,1.46
0.95,446.64,-445.69,445.69
318.57,535.53,-216.96,216.96
1212.67,772.3,440.37,440.37
413.96,257.1,156.86,156.86
220.58,359.46,-138.88,138.88
315.98,137.16,178.82,178.82
164.75,349.86,-185.11,185.11
378.95,541.26,-162.31,162.31
302.52,316.54,-14.02,14.02
364.15,149.77,214.38,214.38
1541.16,1153.94,387.23,387.23
133.08,59.37,73.71,73.71
483.02,539.8,-56.78,56.78
129.6,163.47,-33.87,33.87
155.05,216.1,-61.05,61.05
143.74,154.57,-10.83,10.83
111.7,266.26,-154.56,154.56
384.68,300.58,84.11,84.11
394.34,462.22,-67.88,67.88
777.95,787.63,-9.68,9.68
320.42,528.34,-207.92,207.92
121.56,289.33,-167.77,167.77
247.4,287.06,-39.66,39.66
388.2,880.39,-492.19,492.19
157.39,150.71,6.68,6.68
365.78,343.08,22.7,22.7
283.03,227.92,55.11,55.11
357.2,232.95,124.25,124.25
35.96,296.31,-260.35,260.35
147.15,243.02,-95.87,95.87
285.48,312.91,-27.43,27.43
243.1,693.37,-450.27,450.27
282.68,177.84,104.84,104.84
307.8,563.42,-255.62,255.62
318.4,271.83,46.57,46.57
272.36,199.94,72.42,72.42
705.21,1233.4,-528.19,528.19
461.9,208.83,253.07,253.07
408.25,702.89,-294.64,294.64
290.52,472.98,-182.46,182.46
300.7,284.99,15.71,15.71
318.01,361.84,-43.83,43.83
268.77,136.32,132.45,132.45
283.74,357.64,-73.9,73.9
144.06,234.67,-90.61,90.61
113.1,241.29,-128.19,128.19
88.2,244.49,-156.29,156.29
102.24,124.72,-22.48,22.48
63.79,350.3,-286.51,286.51
1746.72,1569.55,177.17,177.17
249.49,418.65,-169.16,169.16
1961.05,628.47,1332.58,1332.58
625.0,789.64,-164.64,164.64
423.42,426.08,-2.65,2.65
112.33,174.24,-61.91,61.91
755.12,557.49,197.63,197.63
762.3,736.7,25.6,25.6
115.6,276.39,-160.79,160.79
474.36,666.15,-191.79,191.79
703.17,641.29,61.88,61.88
152.87,262.52,-109.65,109.65
508.36,345.94,162.42,162.42
251.56,421.4,-169.84,169.84
821.32,832.11,-10.79,10.79
454.72,401.64,53.08,53.08
128.01,185.1,-57.09,57.09
316.85,627.65,-310.8,310.8
234.75,371.11,-136.36,136.36
829.63,642.18,187.45,187.45
194.95,331.28,-136.33,136.33
46.56,139.22,-92.66,92.66
304.84,300.57,4.27,4.27
558.49,410.96,147.52,147.52
865.53,384.34,481.19,481.19
472.0,419.18,52.82,52.82
157.8,335.08,-177.28,177.28
100.98,220.25,-119.27,119.27
308.76,418.43,-109.67,109.67
279.04,469.67,-190.63,190.63
89.44,282.18,-192.74,192.74
215.22,312.12,-96.9,96.9
74.88,1020.8,-945.92,945.92
532.72,411.93,120.79,120.79
32.65,83.15,-50.5,50.5
146.66,235.23,-88.57,88.57
301.87,245.99,55.88,55.88
382.7,550.87,-168.17,168.17
133.5,120.91,12.59,12.59
476.29,176.86,299.44,299.44
630.5,446.51,183.99,183.99
309.34,311.4,-2.06,2.06
208.8,47.6,161.2,161.2
1130.74,761.08,369.66,369.66
688.35,589.47,98.88,98.88
39.6,198.36,-158.76,158.76
282.74,290.25,-7.51,7.51
159.49,262.71,-103.22,103.22
1048.0,841.96,206.04,206.04
116.16,244.88,-128.72,128.72
415.55,354.8,60.75,60.75
718.05,148.78,569.27,569.27
406.82,167.29,239.53,239.53
264.99,112.22,152.78,152.78
477.68,401.54,76.14,76.14
326.82,419.17,-92.35,92.35
366.96,179.93,187.03,187.03
83.4,662.63,-579.23,579.23
2843.29,1562.58,1280.71,1280.71
338.03,141.27,196.76,196.76
590.95,357.78,233.17,233.17
1416.0,1291.39,124.61,124.61
122.68,28.97,93.71,93.71
1025.78,747.4,278.38,278.38
303.85,179.17,124.68,124.68
203.39,173.95,29.44,29.44
39.45,367.0,-327.55,327.55
3417.12,483.77,2933.35,2933.35
1272.0,1057.68,214.32,214.32
180.39,188.77,-8.38,8.38
429.6,337.62,91.98,91.98
358.0,516.84,-158.84,158.84
368.92,423.06,-54.14,54.14
612.16,763.7,-151.54,151.54
135.62,303.44,-167.82,167.82
276.12,243.98,32.14,32.14
566.18,519.25,46.93,46.93
387.4,398.05,-10.65,10.65
1306.49,573.94,732.55,732.55
400.32,990.56,-590.24,590.24
1654.31,361.96,1292.34,1292.34
741.22,612.09,129.13,129.13
57.9,180.83,-122.93,122.93
600.0,266.73,333.27,333.27
82.0,164.44,-82.44,82.44
6.0,707.71,-701.71,701.71
419.12,838.77,-419.65,419.65
491.4,2977.29,-2485.89,2485.89
303.28,343.82,-40.54,40.54
851.4,752.98,98.42,98.42
4105.94,467.76,3638.18,3638.18
301.42,388.57,-87.15,87.15
534.73,387.19,147.54,147.54
1023.42,628.74,394.68,394.68
119.85,769.77,-649.92,649.92
298.8,739.41,-440.61,440.61
149.02,467.84,-318.82,318.82
302.56,320.66,-18.1,18.1
810.09,6396.66,-5586.57,5586.57
115.55,134.39,-18.84,18.84
241.2,755.16,-513.96,513.96
332.23,658.18,-325.95,325.95
111.08,244.22,-133.14,133.14
458.25,288.74,169.51,169.51
250.34,138.8,111.54,111.54
610.42,445.46,164.96,164.96
207.73,254.62,-46.89,46.89
329.75,449.4,-119.65,119.65
237.57,268.41,-30.84,30.84
40.4,394.98,-354.58,354.58
706.36,623.07,83.29,83.29
5.48,753.15,-747.67,747.67
496.44,320.29,176.15,176.15
1132.8,247.69,885.11,885.11
791.04,709.34,81.7,81.7
278.78,240.19,38.59,38.59
340.06,476.14,-136.08,136.08
2482.44,753.93,1728.51,1728.51
190.35,125.83,64.52,64.52
222.45,176.29,46.16,46.16
187.1,241.27,-54.17,54.17
113.64,269.67,-156.03,156.03
1288.64,1233.78,54.87,54.87
504.53,169.91,334.62,334.62
219.02,268.8,-49.78,49.78
159.1,181.68,-22.58,22.58
114.91,214.52,-99.61,99.61
230.06,64.28,165.78,165.78
3855.84,5641.15,-1785.31,1785.31
432.16,547.33,-115.17,115.17
207.25,72.36,134.89,134.89
518.12,392.99,125.13,125.13
5725.0,4354.62,1370.38,1370.38
750.0,405.76,344.24,344.24
812.16,357.68,454.48,454.48
307.62,258.41,49.21,49.21
223.74,308.03,-84.29,84.29
251.69,262.25,-10.56,10.56
327.62,181.29,146.33,146.33
467.5,531.51,-64.01,64.01
112.0,142.8,-30.8,30.8
490.95,690.4,-199.45,199.45
369.09,402.11,-33.02,33.02
252.33,264.99,-12.66,12.66
253.7,174.35,79.35,79.35
84.0,168.86,-84.86,84.86
279.8,312.77,-32.97,32.97
145.23,342.2,-196.97,196.97
153.72,882.02,-728.3,728.3
376.3,420.4,-44.1,44.1
141.35,358.65,-217.3,217.3
248.17,252.5,-4.33,4.33
150.75,174.72,-23.97,23.97
266.64,224.42,42.22,42.22
252.25,451.29,-199.04,199.04
318.51,399.19,-80.68,80.68
588.3,502.19,86.11,86.11
108.42,427.39,-318.97,318.97
313.8,332.44,-18.64,18.64
5500.38,4639.51,860.87,860.87
136.23,294.27,-158.04,158.04
902.53,702.57,199.96,199.96
386.34,152.92,233.42,233.42
261.85,212.12,49.73,49.73
15.0,125.09,-110.09,110.09
253.99,368.03,-114.04,114.04
101.66,71.35,30.31,30.31
140.06,179.68,-39.62,39.62
610.89,206.67,404.22,404.22
677.8,519.21,158.59,158.59
20.38,47.64,-27.26,27.26
306.09,477.29,-171.2,171.2
124.15,228.92,-104.77,104.77
354.24,551.81,-197.57,197.57
1103.36,333.53,769.83,769.83
77.4,34.36,43.04,43.04
359.3,684.69,-325.39,325.39
541.1,252.96,288.14,288.14
110.12,177.99,-67.87,67.87
613.78,322.11,291.67,291.67
46.45,37.19,9.26,9.26
368.95,258.76,110.19,110.19
260.92,167.96,92.96,92.96
319.12,319.54,-0.42,0.42
251.75,365.35,-113.6,113.6
318.99,246.73,72.26,72.26
193.96,209.07,-15.11,15.11
150.8,264.08,-113.28,113.28
112.56,832.98,-720.42,720.42
457.68,1625.6,-1167.92,1167.92
360.23,470.69,-110.46,110.46
316.5,413.25,-96.75,96.75
94.8,81.64,13.16,13.16
124.65,130.44,-5.79,5.79
294.24,281.13,13.11,13.11
32.55,299.52,-266.97,266.97
153.0,806.22,-653.22,653.22
385.57,283.12,102.44,102.44
460.3,362.15,98.15,98.15
242.3,196.86,45.44,45.44
498.17,152.26,345.92,345.92
488.21,649.73,-161.52,161.52
633.0,501.99,131.01,131.01
127.2,211.84,-84.64,84.64
26.25,303.44,-277.18,277.18
154.2,117.66,36.54,36.54
1687.17,380.92,1306.25,1306.25
394.28,614.2,-219.92,219.92
754.8,372.9,381.9,381.9
2204.36,630.06,1574.3,1574.3
328.53,201.6,126.92,126.92
231.84,888.31,-656.47,656.47
350.62,843.89,-493.27,493.27
347.29,599.45,-252.16,252.16
175.09,158.86,16.23,16.23
596.05,480.04,116.01,116.01
1937.06,2253.56,-316.5,316.5
251.26,361.0,-109.74,109.74
486.5,412.45,74.05,74.05
1987.62,865.66,1121.96,1121.96
1494.0,1167.59,326.41,326.41
108.94,315.09,-206.15,206.15
211.0,205.17,5.83,5.83
214.5,409.08,-194.58,194.58
330.55,356.4,-25.85,25.85
411.08,152.76,258.32,258.32
196.75,400.17,-203.42,203.42
580.36,420.23,160.13,160.13
553.92,369.03,184.89,184.89
25.5,231.72,-206.22,206.22
229.48,222.04,7.44,7.44
294.4,326.15,-31.75,31.75
108.1,284.47,-176.37,176.37
506.61,253.55,253.06,253.06
150.78,217.52,-66.74,66.74
166.8,259.03,-92.23,92.23
358.2,1113.92,-755.72,755.72
78.45,163.11,-84.66,84.66
156.1,251.94,-95.84,95.84
517.05,335.06,181.99,181.99
218.56,344.19,-125.63,125.63
405.02,379.78,25.24,25.24
258.12,81.61,176.51,176.51
151.38,180.33,-28.95,28.95
143.8,174.2,-30.4,30.4
120.6,170.32,-49.72,49.72
479.4,506.05,-26.65,26.65
231.95,446.89,-214.94,214.94
159.43,356.02,-196.59,196.59
123.13,282.8,-159.67,159.67
435.13,441.02,-5.89,5.89
606.84,209.56,397.28,397.28
205.88,281.81,-75.93,75.93
307.41,278.77,28.64,28.64
102.0,146.5,-44.5,44.5
147.04,425.57,-278.53,278.53
34.68,256.72,-222.04,222.04
111.9,148.66,-36.76,36.76
24.11,84.38,-60.27,60.27
616.83,470.6,146.24,146.24
346.6,343.08,3.52,3.52
285.3,292.1,-6.8,6.8
291.9,304.55,-12.65,12.65
258.25,351.56,-93.32,93.32
975.43,565.78,409.65,409.65
87.45,164.1,-76.65,76.65
142.68,200.7,-58.02,58.02
277.72,335.11,-57.39,57.39
132.0,676.06,-544.06,544.06
310.07,395.07,-85.0,85.0
20.8,247.68,-226.88,226.88
209.94,501.07,-291.13,291.13
108.63,199.82,-91.19,91.19
111.55,103.1,8.45,8.45
707.81,445.85,261.96,261.96
121.11,232.08,-110.97,110.97
405.07,472.28,-67.21,67.21
358.0,1408.02,-1050.02,1050.02
596.4,542.57,53.83,53.83
1136.96,743.1,393.86,393.86
443.66,730.4,-286.74,286.74
174.0,236.72,-62.72,62.72
780.56,576.02,204.54,204.54
483.02,119.93,363.1,363.1
1241.98,335.77,906.21,906.21
141.36,211.22,-69.86,69.86
162.82,121.5,41.32,41.32
249.13,476.64,-227.51,227.51
455.04,479.89,-24.85,24.85
11.97,183.26,-171.29,171.29
781.14,1011.07,-229.93,229.93
332.89,335.67,-2.78,2.78
260.79,446.12,-185.33,185.33
481.41,335.26,146.15,146.15
672.99,343.54,329.45,329.45
334.85,467.76,-132.91,132.91
286.28,198.4,87.88,87.88
562.71,1023.72,-461.01,461.01
368.52,339.24,29.28,29.28
251.68,1586.06,-1334.38,1334.38
520.74,884.52,-363.78,363.78
136.6,223.67,-87.07,87.07
188.76,196.35,-7.59,7.59
2022.16,2110.25,-88.09,88.09
392.4,562.68,-170.28,170.28
396.14,465.76,-69.62,69.62
508.07,398.08,109.99,109.99
242.39,294.71,-52.32,52.32
379.2,236.18,143.02,143.02
385.56,205.45,180.11,180.11
68.08,242.99,-174.91,174.91
476.7,304.57,172.13,172.13
271.75,251.77,19.98,19.98
7.8,79.89,-72.09,72.09
362.9,754.34,-391.44,391.44
265.84,259.35,6.49,6.49
309.14,108.85,200.29,200.29
208.56,135.09,73.47,73.47
263.13,69.15,193.98,193.98
148.8,164.49,-15.69,15.69
632.74,630.11,2.63,2.63
102.9,243.06,-140.16,140.16
12.4,7.0,5.4,5.4
4655.85,1245.47,3410.38,3410.38
154.02,248.25,-94.23,94.23
326.4,467.08,-140.68,140.68
434.74,753.29,-318.55,318.55
609.5,555.53,53.97,53.97
356.11,379.87,-23.76,23.76
373.72,692.75,-319.03,319.03
5.1,835.12,-830.02,830.02
8.5,447.92,-439.42,439.42
602.86,415.56,187.3,187.3
17.4,1247.61,-1230.21,1230.21
3671.44,1692.58,1978.86,1978.86
723.6,559.92,163.68,163.68
310.82,217.12,93.7,93.7
262.87,300.52,-37.65,37.65
278.22,313.77,-35.55,35.55
209.94,220.4,-10.46,10.46
12.75,73.63,-60.88,60.88
295.04,345.74,-50.7,50.7
168.1,244.24,-76.14,76.14
331.24,373.3,-42.06,42.06
250.4,508.15,-257.75,257.75
799.94,633.47,166.47,166.47
320.88,280.17,40.71,40.71
177.6,105.39,72.21,72.21
633.58,234.18,399.4,399.4
964.77,912.39,52.38,52.38
412.32,452.24,-39.92,39.92
383.55,55.07,328.48,328.48
126.65,164.01,-37.36,37.36
956.5,339.39,617.11,617.11
257.3,531.09,-273.79,273.79
293.74,488.23,-194.49,194.49
641.67,528.53,113.14,113.14
33.0,612.41,-579.41,579.41
5.8,123.28,-117.48,117.48
480.62,411.64,68.98,68.98
268.73,328.94,-60.21,60.21
282.85,354.52,-71.67,71.67
1252.2,74.55,1177.65,1177.65
385.52,351.95,33.57,33.57
752.39,424.76,327.63,327.63
30.45,698.91,-668.46,668.46
401.78,580.46,-178.68,178.68
103.5,93.8,9.7,9.7
130.8,300.2,-169.4,169.4
172.2,104.36,67.84,67.84
413.68,193.76,219.92,219.92
790.73,1150.88,-360.15,360.15
62.5,671.63,-609.13,609.13
164.68,371.83,-207.15,207.15
297.12,73.61,223.51,223.51
100.48,122.72,-22.24,22.24
307.8,292.51,15.29,15.29
3.9,156.74,-152.84,152.84
192.23,155.45,36.78,36.78
832.02,462.14,369.88,369.88
409.08,361.88,47.2,47.2
117.46,143.32,-25.86,25.86
102.99,168.04,-65.05,65.05
268.68,422.92,-154.24,154.24
237.36,249.51,-12.15,12.15
173.44,128.03,45.41,45.41
64.26,103.05,-38.79,38.79
262.74,345.76,-83.02,83.02
314.47,340.44,-25.97,25.97
192.68,427.52,-234.84,234.84
3.75,58.97,-55.22,55.22
1132.55,178.35,954.2,954.2
381.1,481.95,-100.85,100.85
437.5,176.94,260.56,260.56
642.0,870.2,-228.2,228.2
108.15,271.8,-163.65,163.65
142.82,60.03,82.79,82.79
30.5,140.83,-110.33,110.33
1665.2,437.69,1227.51,1227.51
719.61,323.01,396.6,396.6
58.0,31.71,26.29,26.29
238.4,254.27,-15.87,15.87
301.92,407.92,-106.0,106.0
443.2,359.14,84.06,84.06
295.91,157.74,138.17,138.17
494.85,529.01,-34.16,34.16
45.0,276.48,-231.48,231.48
60.0,616.44,-556.44,556.44
305.36,392.15,-86.79,86.79
36.0,211.77,-175.77,175.77
15.7,215.56,-199.86,199.86
323.1,295.18,27.92,27.92
114.14,192.53,-78.39,78.39
69.36,612.48,-543.12,543.12
125.5,236.75,-111.25,111.25
610.8,309.91,300.89,300.89
660.45,401.7,258.75,258.75
245.52,247.75,-2.23,2.23
1001.36,1362.12,-360.76,360.76
183.58,209.86,-26.28,26.28
413.37,413.97,-0.6,0.6
765.03,597.96,167.07,167.07
340.78,466.95,-126.17,126.17
124.44,115.27,9.17,9.17
414.0,417.05,-3.05,3.05
349.2,356.01,-6.81,6.81
554.18,345.53,208.65,208.65
219.01,618.49,-399.48,399.48
338.06,419.94,-81.88,81.88
973.95,994.48,-20.53,20.53
961.56,561.51,400.05,400.05
239.46,486.9,-247.44,247.44
141.48,183.41,-41.93,41.93
813.15,784.88,28.27,28.27
492.0,1063.4,-571.4,571.4
353.98,318.68,35.3,35.3
1790.0,49.92,1740.08,1740.08
247.62,467.51,-219.89,219.89
682.38,820.54,-138.16,138.16
178.26,100.14,78.12,78.12
456.24,370.06,86.18,86.18
225.6,508.34,-282.74,282.74
290.5,602.01,-311.51,311.51
5490.24,1857.74,3632.5,3632.5
351.56,414.17,-62.61,62.61
247.8,331.51,-83.71,83.71
34.9,18.67,16.23,16.23
159.0,899.9,-740.9,740.9
80.6,3264.62,-3184.02,3184.02
196.78,219.88,-23.1,23.1
41.1,30.29,10.81,10.81
978.84,604.48,374.36,374.36
918.0,2463.26,-1545.26,1545.26
336.11,196.54,139.57,139.57
99.1,202.65,-103.55,103.55
218.53,406.91,-188.38,188.38
476.37,375.41,100.96,100.96
300.1,484.05,-183.95,183.95
196.75,281.45,-84.7,84.7
670.63,285.81,384.82,384.82
486.96,1280.88,-793.92,793.92
306.73,289.92,16.81,16.81
139.63,254.21,-114.58,114.58
252.4,801.77,-549.37,549.37
79.2,202.77,-123.57,123.57
343.94,331.52,12.43,12.43
557.68,540.7,16.98,16.98
327.93,500.26,-172.33,172.33
139.19,334.43,-195.24,195.24
186.91,328.39,-141.48,141.48
205.6,229.28,-23.68,23.68
416.6,343.69,72.91,72.91
827.07,539.92,287.15,287.15
300.54,292.94,7.6,7.6
786.52,485.11,301.41,301.41
238.99,534.89,-295.9,295.9
130.04,353.37,-223.33,223.33
2060.03,916.18,1143.86,1143.86
96.3,281.29,-184.99,184.99
135.12,154.82,-19.7,19.7
265.02,197.54,67.48,67.48
220.33,376.5,-156.17,156.17
109.04,121.01,-11.97,11.97
346.35,430.06,-83.71,83.71
469.89,307.36,162.53,162.53
124.15,228.33,-104.18,104.18
274.8,182.86,91.94,91.94
729.07,566.65,162.42,162.42
751.76,400.28,351.48,351.48
729.07,609.21,119.86,119.86
13031.5,6273.27,6758.23,6758.23
262.26,662.96,-400.7,400.7
856.26,2966.88,-2110.62,2110.62
108.2,125.54,-17.34,17.34
575.88,3124.88,-2549.0,2549.0
347.26,1138.82,-791.56,791.56
300.5,180.93,119.57,119.57
5.55,248.79,-243.24,243.24
1519.99,403.92,1116.07,1116.07
672.8,929.36,-256.56,256.56
385.78,350.54,35.24,35.24
195.1,157.34,37.76,37.76
79.9,345.29,-265.39,265.39
452.91,401.54,51.37,51.37
110.57,160.68,-50.12,50.12
200.52,272.16,-71.64,71.64
303.63,266.85,36.78,36.78
302.4,608.21,-305.81,305.81
98.16,166.7,-68.54,68.54
198.4,273.0,-74.6,74.6
30.6,133.15,-102.55,102.55
716.73,1347.94,-631.21,631.21
292.0,944.69,-652.69,652.69
95.76,61.04,34.72,34.72
407.68,506.92,-99.24,99.24
316.54,279.58,36.96,36.96
277.12,413.63,-136.51,136.51
125.75,269.37,-143.62,143.62
413.99,364.81,49.18,49.18
155.19,200.34,-45.15,45.15
305.5,349.65,-44.15,44.15
424.16,279.31,144.85,144.85
488.54,439.35,49.19,49.19
210.7,265.06,-54.36,54.36
111.18,510.85,-399.67,399.67
494.6,469.24,25.36,25.36
601.88,715.73,-113.85,113.85
399.5,382.08,17.42,17.42
192.28,195.68,-3.4,3.4
22.04,77.65,-55.61,55.61
287.35,181.81,105.54,105.54
229.3,250.4,-21.1,21.1
78.0,341.35,-263.35,263.35
131.66,440.42,-308.76,308.76
1564.7,551.29,1013.42,1013.42
93.16,66.54,26.62,26.62
425.5,296.02,129.48,129.48
3547.34,544.63,3002.71,3002.71
70.8,349.58,-278.78,278.78
463.82,1014.75,-550.93,550.93
111.81,197.0,-85.19,85.19
136.85,241.58,-104.73,104.73
310.71,346.63,-35.92,35.92
210.35,321.97,-111.62,111.62
904.66,383.5,521.16,521.16
57.5,312.56,-255.06,255.06
363.4,210.68,152.72,152.72
178.7,315.39,-136.69,136.69
521.49,918.82,-397.33,397.33
199.75,679.4,-479.65,479.65
402.47,237.93,164.54,164.54
311.7,185.02,126.68,126.68
293.92,182.43,111.49,111.49
2609.0,2044.89,564.11,564.11
91.59,222.31,-130.72,130.72
95.4,210.61,-115.21,115.21
17.85,72.55,-54.7,54.7
400.1,225.18,174.92,174.92
654.15,309.4,344.76,344.76
324.0,363.47,-39.47,39.47
139.68,194.23,-54.55,54.55
156.96,218.13,-61.17,61.17
407.52,502.43,-94.91,94.91
196.0,592.63,-396.63,396.63
171.06,70.58,100.48,100.48
504.61,226.32,278.29,278.29
267.96,398.39,-130.43,130.43
194.63,684.75,-490.12,490.12
40.8,108.22,-67.42,67.42
659.08,565.3,93.78,93.78
810.0,251.04,558.96,558.96
662.56,320.28,342.28,342.28
181.66,298.55,-116.89,116.89
213.26,292.32,-79.06,79.06
1363.2,959.1,404.1,404.1
581.82,758.45,-176.63,176.63
305.16,440.58,-135.42,135.42
107.7,354.62,-246.92,246.92
145.7,208.2,-62.5,62.5
716.0,503.22,212.78,212.78
215.55,670.82,-455.27,455.27
183.46,179.05,4.41,4.41
327.2,514.79,-187.59,187.59
300.78,643.58,-342.8,342.8
2156.44,3408.36,-1251.92,1251.92
304.9,398.69,-93.79,93.79
2730.96,1124.19,1606.77,1606.77
361.43,405.38,-43.95,43.95
621.9,270.26,351.64,351.64
222.26,371.66,-149.4,149.4
662.9,477.96,184.94,184.94
536.78,763.22,-226.44,226.44
187.07,124.31,62.76,62.76
1018.22,410.56,607.66,607.66
304.94,236.18,68.76,68.76
118.89,198.05,-79.16,79.16
506.51,225.73,280.78,280.78
467.57,361.06,106.51,106.51
150.26,213.07,-62.81,62.81
294.24,375.68,-81.44,81.44
144.0,555.39,-411.39,411.39
310.48,283.9,26.58,26.58
425.96,217.08,208.88,208.88
183.26,488.03,-304.77,304.77
326.48,209.24,117.24,117.24
250.36,242.49,7.87,7.87
17.4,663.44,-646.04,646.04
305.46,350.06,-44.6,44.6
431.11,284.46,146.65,146.65
321.5,290.79,30.71,30.71
54.72,458.19,-403.47,403.47
148.72,246.5,-97.78,97.78
438.16,412.25,25.91,25.91
284.12,493.13,-209.01,209.01
1330.44,293.41,1037.03,1037.03
825.36,1265.32,-439.96,439.96
332.1,452.71,-120.61,120.61
365.18,473.2,-108.02,108.02
52.0,126.71,-74.71,74.71
20.8,275.65,-254.85,254.85
766.9,314.12,452.78,452.78
70.8,292.75,-221.95,221.95
258.7,196.47,62.23,62.23
360.07,336.05,24.02,24.02
647.99,397.68,250.31,250.31
428.11,350.29,77.82,77.82
239.71,327.68,-87.97,87.97
70.68,377.5,-306.82,306.82
155.6,199.16,-43.56,43.56
347.35,218.12,129.23,129.23
300.04,182.81,117.23,117.23
713.76,488.83,224.93,224.93
201.84,312.69,-110.85,110.85
625.86,372.83,253.03,253.03
806.47,298.04,508.44,508.44
114.94,307.24,-192.3,192.3
379.82,190.49,189.33,189.33
530.77,386.74,144.03,144.03
333.11,536.28,-203.17,203.17
61.55,192.77,-131.22,131.22
963.01,1113.31,-150.3,150.3
117.3,157.83,-40.53,40.53
471.43,1184.31,-712.88,712.88
255.34,522.79,-267.45,267.45
367.75,403.04,-35.29,35.29
149.12,245.54,-96.42,96.42
115.6,502.9,-387.3,387.3
402.96,285.13,117.83,117.83
127.85,236.5,-108.65,108.65
236.94,354.55,-117.61,117.61
954.0,680.16,273.84,273.84
475.16,526.55,-51.39,51.39
190.18,297.05,-106.87,106.87
499.23,179.77,319.46,319.46
891.55,466.49,425.06,425.06
789.9,451.03,338.87,338.87
17.67,200.78,-183.11,183.11
261.68,162.81,98.87,98.87
329.12,348.01,-18.89,18.89
64.3,242.37,-178.07,178.07
612.25,484.03,128.22,128.22
800.46,711.68,88.78,88.78
213.0,237.45,-24.45,24.45
368.38,566.76,-198.38,198.38
303.1,252.77,50.33,50.33
788.11,503.45,284.66,284.66
411.74,273.23,138.51,138.51
960.0,757.76,202.24,202.24
111.57,400.34,-288.77,288.77
140.76,231.11,-90.35,90.35
734.0,1450.96,-716.96,716.96
231.91,278.73,-46.82,46.82
338.2,281.59,56.61,56.61
4379.76,2847.23,1532.53,1532.53
250.0,252.99,-2.99,2.99
95.15,475.04,-379.89,379.89
185.78,447.4,-261.62,261.62
139.8,1102.02,-962.22,962.22
222.24,314.63,-92.39,92.39
131.43,439.71,-308.28,308.28
834.38,1079.08,-244.7,244.7
339.14,417.34,-78.2,78.2
342.02,361.02,-19.0,19.0
280.56,423.96,-143.4,143.4
1466.14,5462.66,-3996.52,3996.52
1397.32,1034.59,362.73,362.73
486.96,364.84,122.12,122.12
107.76,277.24,-169.48,169.48
375.19,406.74,-31.55,31.55
55.6,447.64,-392.04,392.04
89.7,19.09,70.61,70.61
1855.99,716.68,1139.31,1139.31
104.2,193.54,-89.34,89.34
32.65,599.69,-567.04,567.04
307.99,762.41,-454.42,454.42
435.0,671.56,-236.56,236.56
505.57,501.35,4.22,4.22
39.6,556.67,-517.07,517.07
320.0,508.18,-188.18,188.18
938.39,1003.51,-65.12,65.12
31.2,171.3,-140.11,140.11
8.95,549.38,-540.43,540.43
143.69,196.82,-53.14,53.14
437.94,340.52,97.42,97.42
102.12,289.63,-187.51,187.51
168.1,145.72,22.38,22.38
1007.9,358.16,649.74,649.74
142.6,207.03,-64.43,64.43
105.54,125.54,-20.0,20.0
737.8,603.24,134.56,134.56
129.5,43.73,85.77,85.77
23.8,50.02,-26.22,26.22
151.24,184.67,-33.43,33.43
345.8,858.29,-512.49,512.49
761.76,3271.54,-2509.78,2509.78
157.54,299.73,-142.19,142.19
377.65,707.07,-329.42,329.42
3108.64,9312.51,-6203.87,6203.87
1282.0,1339.56,-57.56,57.56
524.95,476.67,48.28,48.28
516.69,192.03,324.66,324.66
69.61,129.76,-60.15,60.15
718.6,1073.95,-355.35,355.35
151.2,450.25,-299.05,299.05
156.54,176.04,-19.5,19.5
304.02,414.58,-110.56,110.56
1245.81,1431.51,-185.7,185.7
168.72,214.02,-45.3,45.3
290.76,284.67,6.09,6.09
508.25,850.02,-341.78,341.78
522.97,490.48,32.49,32.49
110.82,388.15,-277.33,277.33
397.72,539.33,-141.61,141.61
13.2,413.88,-400.68,400.68
671.9,340.66,331.24,331.24
71.09,422.49,-351.4,351.4
16.5,308.98,-292.48,292.48
354.56,507.8,-153.24,153.24
459.62,299.99,159.63,159.63
192.19,317.18,-124.99,124.99
284.76,627.53,-342.77,342.77
329.4,480.56,-151.16,151.16
309.48,469.81,-160.33,160.33
37.5,105.22,-67.72,67.72
85.0,187.77,-102.77,102.77
330.51,270.56,59.95,59.95
571.24,342.74,228.5,228.5
400.88,540.13,-139.25,139.25
1203.9,913.21,290.69,290.69
1232.95,435.32,797.62,797.62
314.38,379.32,-64.94,64.94
314.03,413.28,-99.25,99.25
247.5,382.47,-134.97,134.97
128.45,166.35,-37.9,37.9
275.62,171.27,104.35,104.35
834.68,2698.4,-1863.72,1863.72
335.87,495.34,-159.47,159.47
280.2,202.08,78.12,78.12
427.48,1255.65,-828.17,828.17
758.05,629.84,128.21,128.21
503.64,554.46,-50.82,50.82
474.87,591.43,-116.56,116.56
32.95,667.69,-634.74,634.74
171.98,240.92,-68.94,68.94
167.26,141.71,25.55,25.55
134.5,111.1,23.4,23.4
359.51,225.31,134.2,134.2
340.72,470.29,-129.57,129.57
34.65,228.08,-193.43,193.43
24.88,39.83,-14.95,14.95
610.36,411.8,198.56,198.56
224.11,346.77,-122.66,122.66
364.84,1065.17,-700.33,700.33
319.2,538.27,-219.07,219.07
1724.8,871.3,853.5,853.5
658.38,347.37,311.01,311.01
112.47,308.87,-196.4,196.4
129.36,593.3,-463.94,463.94
522.96,435.55,87.41,87.41
870.59,374.19,496.4,496.4
352.26,222.25,130.01,130.01
787.84,653.58,134.26,134.26
425.2,378.38,46.82,46.82
378.12,468.27,-90.15,90.15
501.37,337.38,163.99,163.99
173.15,139.27,33.88,33.88
51.0,566.5,-515.5,515.5
1894.01,1209.13,684.88,684.88
451.6,289.52,162.08,162.08
440.98,223.08,217.9,217.9
364.38,358.56,5.82,5.82
617.7,950.72,-333.02,333.02
718.89,439.49,279.4,279.4
398.98,243.17,155.81,155.81
340.0,1490.14,-1150.14,1150.14
651.6,492.46,159.14,159.14
1761.18,324.61,1436.57,1436.57
258.64,235.02,23.62,23.62
264.66,362.84,-98.18,98.18
500.61,377.39,123.22,123.22
427.51,305.86,121.65,121.65
591.73,672.55,-80.82,80.82
359.42,221.42,138.0,138.0
309.06,314.85,-5.79,5.79
428.69,149.98,278.71,278.71
1021.92,131.87,890.05,890.05
645.5,321.34,324.16,324.16
10999.52,3270.07,7729.45,7729.45
304.3,310.32,-6.02,6.02
300.42,374.67,-74.25,74.25
186.96,372.39,-185.43,185.43
103.95,1033.22,-929.27,929.27
551.03,374.74,176.28,176.28
304.92,314.31,-9.39,9.39
62.4,91.36,-28.96,28.96
365.0,216.36,148.64,148.64
94.74,103.23,-8.49,8.49
386.6,144.71,241.89,241.89
69.65,41.28,28.37,28.37
513.99,297.54,216.45,216.45
686.4,382.74,303.66,303.66
266.85,650.08,-383.23,383.23
180.43,471.13,-290.7,290.7
548.91,581.86,-32.95,32.95
378.16,836.84,-458.68,458.68
119.7,356.71,-237.01,237.01
93.07,150.1,-57.03,57.03
112.96,208.72,-95.76,95.76
563.28,382.09,181.19,181.19
210.95,328.23,-117.28,117.28
101.9,77.57,24.33,24.33
311.66,995.32,-683.66,683.66
240.16,415.19,-175.03,175.03
795.56,846.26,-50.71,50.71
1077.4,866.5,210.9,210.9
1069.29,409.95,659.34,659.34
12.8,214.32,-201.52,201.52
264.8,34.73,230.07,230.07
23.55,372.23,-348.68,348.68
252.11,149.67,102.44,102.44
86.0,132.97,-46.97,46.97
109.68,339.13,-229.45,229.45
864.0,510.07,353.93,353.93
237.55,206.8,30.75,30.75
457.86,153.8,304.06,304.06
90.9,255.75,-164.85,164.85
131.48,174.4,-42.92,42.92
135.05,670.95,-535.9,535.9
13.44,44.5,-31.06,31.06
308.77,351.68,-42.91,42.91
243.22,297.59,-54.37,54.37
130.29,250.66,-120.37,120.37
512.28,588.1,-75.82,75.82
319.42,396.33,-76.91,76.91
237.57,308.26,-70.69,70.69
308.4,333.21,-24.81,24.81
204.07,237.69,-33.62,33.62
660.01,368.06,291.95,291.95
230.55,350.22,-119.67,119.67
615.39,246.99,368.4,368.4
453.99,163.66,290.33,290.33
500.0,617.4,-117.4,117.4
812.02,1224.52,-412.5,412.5
669.6,2090.81,-1421.21,1421.21
406.66,275.19,131.47,131.47
78.0,1511.87,-1433.87,1433.87
312.14,334.45,-22.31,22.31
758.3,712.03,46.27,46.27
19.8,969.54,-949.74,949.74
470.84,264.09,206.75,206.75
990.15,642.79,347.36,347.36
1103.73,1112.58,-8.85,8.85
411.68,224.5,187.18,187.18
492.85,517.08,-24.23,24.23
356.42,411.92,-55.5,55.5
3869.18,4144.11,-274.93,274.93
648.72,1406.15,-757.43,757.43
184.48,270.9,-86.42,86.42
403.44,471.76,-68.32,68.32
678.88,587.34,91.54,91.54
820.78,71.05,749.73,749.73
59.4,153.7,-94.3,94.3
314.81,707.0,-392.19,392.19
205.5,633.24,-427.74,427.74
474.85,465.23,9.62,9.62
172.96,168.92,4.04,4.04
172.99,384.33,-211.34,211.34
262.8,285.46,-22.66,22.66
486.65,397.96,88.69,88.69
725.72,588.88,136.85,136.85
180.0,167.27,12.73,12.73
175.4,288.24,-112.84,112.84
303.68,445.83,-142.15,142.15
960.0,542.57,417.43,417.43
816.0,1267.07,-451.07,451.07
283.2,462.71,-179.51,179.51
238.41,236.88,1.53,1.53
367.46,388.76,-21.3,21.3
296.88,518.9,-222.02,222.02
2118.12,1771.94,346.18,346.18
146.87,257.96,-111.09,111.09
317.3,198.28,119.02,119.02
429.25,220.44,208.81,208.81
182.45,178.49,3.96,3.96
2000.0,269.79,1730.21,1730.21
224.66,440.97,-216.31,216.31
56.85,198.67,-141.82,141.82
16.61,50.96,-34.35,34.35
2298.0,780.13,1517.87,1517.87
304.24,542.56,-238.32,238.32
149.47,195.75,-46.28,46.28
621.69,50.04,571.65,571.65
116.81,182.71,-65.9,65.9
136.68,332.94,-196.26,196.26
205.96,431.32,-225.36,225.36
668.88,295.43,373.45,373.45
1129.35,284.96,844.39,844.39
139.92,146.31,-6.39,6.39
146.75,156.85,-10.1,10.1
272.81,896.07,-623.26,623.26
85.45,174.85,-89.4,89.4
251.9,437.14,-185.24,185.24
163.08,62.05,101.03,101.03
273.78,209.11,64.67,64.67
59.0,305.39,-246.39,246.39
159.2,182.3,-23.1,23.1
675.38,332.75,342.63,342.63
504.0,217.29,286.71,286.71
183.2,551.26,-368.06,368.06
264.65,194.44,70.21,70.21
968.5,548.84,419.66,419.66
442.89,611.33,-168.44,168.44
135.37,139.29,-3.92,3.92
447.74,342.42,105.33,105.33
532.21,233.01,299.2,299.2
320.3,436.09,-115.79,115.79
323.94,217.88,106.06,106.06
68.0,181.51,-113.51,113.51
508.63,258.35,250.28,250.28
14.85,227.23,-212.38,212.38
118.49,187.36,-68.86,68.86
270.52,287.3,-16.78,16.78
305.43,232.23,73.2,73.2
507.68,291.39,216.29,216.29
185.8,278.15,-92.35,92.35
286.86,454.63,-167.77,167.77
346.32,2296.32,-1950.0,1950.0
432.0,1066.77,-634.77,634.77
284.67,296.43,-11.76,11.76
805.6,1057.36,-251.76,251.76
373.44,311.21,62.23,62.23
78.6,669.87,-591.27,591.27
165.14,170.16,-5.02,5.02
315.05,313.91,1.14,1.14
300.86,302.79,-1.93,1.93
276.68,559.74,-283.06,283.06
337.5,726.39,-388.89,388.89
419.72,352.67,67.05,67.05
124.8,370.14,-245.34,245.34
107.89,123.03,-15.14,15.14
300.34,288.37,11.97,11.97
988.03,524.92,463.1,463.1
290.4,316.57,-26.17,26.17
249.76,261.05,-11.29,11.29
301.8,262.34,39.46,39.46
196.6,98.11,98.49,98.49
111.88,263.48,-151.6,151.6
312.64,556.15,-243.51,243.51
134.77,226.99,-92.22,92.22
314.69,202.93,111.76,111.76
663.18,902.41,-239.23,239.23
5.04,75.39,-70.35,70.35
970.2,1331.75,-361.55,361.55
292.82,686.06,-393.24,393.24
2.37,63.92,-61.55,61.55
507.04,246.75,260.29,260.29
68.44,80.09,-11.65,11.65
135.06,429.27,-294.21,294.21
320.35,263.48,56.87,56.87
329.44,780.91,-451.47,451.47
824.88,69.26,755.62,755.62
323.44,293.14,30.3,30.3
637.5,227.62,409.88,409.88
415.55,253.6,161.95,161.95
32.28,226.34,-194.06,194.06
157.9,436.16,-278.26,278.26
430.5,238.19,192.31,192.31
1350.9,622.67,728.23,728.23
306.85,303.69,3.16,3.16
197.28,1615.74,-1418.46,1418.46
2317.0,595.04,1721.96,1721.96
201.24,407.49,-206.25,206.25
383.2,250.21,132.99,132.99
433.2,1840.03,-1406.83,1406.83
192.4,281.68,-89.28,89.28
8.8,324.37,-315.57,315.57
115.61,289.55,-173.94,173.94
371.74,475.61,-103.87,103.87
65.1,220.74,-155.64,155.64
31698.16,3701.29,27996.86,27996.86
164.7,130.57,34.13,34.13
192.0,386.22,-194.22,194.22
571.06,264.1,306.96,306.96
508.85,184.84,324.01,324.01
186.68,57.8,128.88,128.88
116.09,192.1,-76.01,76.01
574.31,448.07,126.24,126.24
2327.0,1599.43,727.57,727.57
585.84,293.24,292.6,292.6
140.6,167.17,-26.57,26.57
525.93,709.31,-183.38,183.38
310.45,157.25,153.2,153.2
15.0,60.45,-45.45,45.45
402.7,725.47,-322.77,322.77
1007.05,269.91,737.14,737.14
293.92,191.91,102.01,102.01
108.95,224.07,-115.12,115.12
166.48,178.52,-12.04,12.04
205.0,525.46,-320.46,320.46
313.2,261.26,51.94,51.94
925.16,295.04,630.12,630.12
186.03,269.44,-83.41,83.41
58.08,172.96,-114.87,114.87
306.82,252.69,54.13,54.13
142.65,337.65,-195.0,195.0
826.04,434.69,391.35,391.35
387.78,189.66,198.12,198.12
1035.0,472.73,562.27,562.27
10363.82,355.96,10007.86,10007.86
173.08,221.06,-47.98,47.98
218.55,365.08,-146.53,146.53
27.8,123.29,-95.49,95.49
24.96,134.64,-109.68,109.68
364.16,189.19,174.97,174.97
149.0,366.69,-217.69,217.69
55.85,382.27,-326.42,326.42
654.97,3300.19,-2645.22,2645.22
437.9,370.77,67.13,67.13
203.2,234.35,-31.15,31.15
110.65,178.15,-67.5,67.5
630.06,289.82,340.24,340.24
250.86,215.04,35.82,35.82
324.45,297.98,26.47,26.47
391.46,253.81,137.65,137.65
158.36,346.22,-187.86,187.86
777.25,1282.08,-504.83,504.83
28.5,345.16,-316.66,316.66
369.73,430.4,-60.67,60.67
2210.05,241.72,1968.33,1968.33
75.6,244.17,-168.57,168.57
252.0,733.74,-481.74,481.74
161.8,400.91,-239.11,239.11
184.84,261.33,-76.49,76.49
328.41,386.14,-57.73,57.73
333.36,2208.11,-1874.75,1874.75
415.6,821.83,-406.23,406.23
17.7,88.6,-70.9,70.9
45.0,140.08,-95.08,95.08
42.42,114.63,-72.21,72.21
660.0,842.58,-182.58,182.58
304.42,306.15,-1.73,1.73
251.0,364.46,-113.46,113.46
693.48,1505.31,-811.83,811.83
119.8,155.28,-35.48,35.48
156.02,173.4,-17.38,17.38
331.55,585.69,-254.14,254.14
121.55,353.77,-232.22,232.22
3091.98,180.21,2911.77,2911.77
22104.8,6477.69,15627.11,15627.11
445.56,259.35,186.21,186.21
220.47,183.64,36.83,36.83
208.76,323.28,-114.52,114.52
108.55,122.4,-13.85,13.85
701.97,369.48,332.49,332.49
38.7,118.34,-79.64,79.64
147.75,687.11,-539.36,539.36
220.77,119.03,101.74,101.74
481.68,243.66,238.02,238.02
1090.93,712.27,378.66,378.66
265.63,202.02,63.61,63.61
1026.61,676.73,349.88,349.88
163.96,264.89,-100.93,100.93
366.53,446.92,-80.4,80.4
112.18,253.74,-141.56,141.56
30.0,90.46,-60.46,60.46
227.79,207.53,20.26,20.26
778.92,431.68,347.24,347.24
113.88,376.14,-262.26,262.26
489.7,305.71,183.99,183.99
385.81,564.03,-178.22,178.22
632.3,3673.77,-3041.47,3041.47
107.1,132.05,-24.95,24.95
18.9,16.16,2.74,2.74
89.8,434.74,-344.94,344.94
170.88,131.44,39.44,39.44
436.3,292.41,143.89,143.89
72.82,109.45,-36.63,36.63
737.7,278.19,459.51,459.51
3.12,196.45,-193.33,193.33
114.86,519.13,-404.27,404.27
504.96,813.73,-308.77,308.77
179.8,372.83,-193.03,193.03
174.6,236.64,-62.04,62.04
424.8,761.67,-336.87,336.87
99.0,488.7,-389.7,389.7
293.54,1102.84,-809.3,809.3
122.76,277.17,-154.41,154.41
12.29,81.92,-69.63,69.63
301.3,277.73,23.57,23.57
433.9,208.0,225.9,225.9
210.35,197.13,13.22,13.22
746.57,703.39,43.18,43.18
4358.0,3169.3,1188.7,1188.7
271.88,240.36,31.52,31.52
287.83,337.51,-49.68,49.68
8111.2,7698.62,412.58,412.58
156.1,439.02,-282.92,282.92
245.02,194.39,50.63,50.63
829.44,71.2,758.24,758.24
86.31,266.75,-180.44,180.44
686.4,270.9,415.5,415.5
116.1,432.02,-315.92,315.92
174.15,278.09,-103.94,103.94
341.21,92.43,248.78,248.78
310.8,458.66,-147.86,147.86
213.8,757.87,-544.07,544.07
309.41,328.55,-19.14,19.14
445.22,206.54,238.68,238.68
599.5,583.42,16.08,16.08
718.21,206.44,511.77,511.77
230.4,2927.29,-2696.89,2696.89
281.43,405.01,-123.58,123.58
108.5,191.18,-82.68,82.68
164.57,267.45,-102.88,102.88
460.27,260.2,200.07,200.07
410.9,489.27,-78.37,78.37
1696.4,244.1,1452.3,1452.3
233.08,170.16,62.92,62.92
452.4,966.68,-514.28,514.28
1572.73,3918.1,-2345.37,2345.37
309.05,148.82,160.23,160.23
300.9,266.3,34.6,34.6
350.0,3678.58,-3328.58,3328.58
23.39,277.38,-253.99,253.99
299.67,170.18,129.49,129.49
1441.2,810.16,631.04,631.04
105.45,174.49,-69.04,69.04
875.79,367.18,508.61,508.61
657.12,1590.84,-933.72,933.72
247.94,272.83,-24.89,24.89
126.5,177.76,-51.26,51.26
196.35,385.48,-189.13,189.13
397.5,365.36,32.14,32.14
337.5,241.29,96.21,96.21
45.0,198.14,-153.14,153.14
993.88,989.17,4.71,4.71
394.83,414.8,-19.97,19.97
12.48,59.29,-46.81,46.81
168.08,349.63,-181.55,181.55
660.26,865.88,-205.62,205.62
406.18,373.56,32.62,32.62
15.0,241.7,-226.7,226.7
591.14,533.12,58.02,58.02
318.3,124.92,193.38,193.38
326.78,379.31,-52.53,52.53
62.28,1055.11,-992.83,992.83
530.22,511.1,19.12,19.12
491.18,386.5,104.68,104.68
1485.78,325.64,1160.14,1160.14
902.4,422.55,479.85,479.85
208.64,294.02,-85.38,85.38
1508.66,4067.35,-2558.69,2558.69
315.86,265.69,50.17,50.17
588.42,461.6,126.82,126.82
127.68,323.02,-195.34,195.34
161.87,196.2,-34.32,34.32
855.6,321.84,533.76,533.76
1711.06,402.93,1308.13,1308.13
250.95,162.78,88.17,88.17
147.41,176.48,-29.07,29.07
186.56,401.77,-215.21,215.21
238.8,221.81,16.99,16.99
324.14,534.83,-210.69,210.69
247.42,326.59,-79.17,79.17
405.86,760.87,-355.01,355.01
25.2,345.85,-320.65,320.65
637.6,1011.44,-373.84,373.84
123.35,303.92,-180.57,180.57
68.22,180.72,-112.5,112.5
433.12,366.23,66.89,66.89
591.02,512.82,78.2,78.2
397.02,587.38,-190.36,190.36
297.65,425.86,-128.21,128.21
341.6,20.37,321.23,321.23
1044.54,916.63,127.91,127.91
308.43,313.65,-5.22,5.22
64.06,90.53,-26.47,26.47
114.71,157.06,-42.35,42.35
254.48,229.67,24.81,24.81
430.38,114.94,315.44,315.44
521.21,334.03,187.18,187.18
127.5,401.17,-273.67,273.67
304.58,550.87,-246.29,246.29
372.24,514.36,-142.12,142.12
690.11,979.0,-288.89,288.89
157.58,211.82,-54.24,54.24
175.75,377.01,-201.26,201.26
235.82,253.93,-18.11,18.11
353.7,466.45,-112.75,112.75
763.72,482.82,280.9,280.9
18.74,1371.66,-1352.92,1352.92
330.24,306.22,24.02,24.02
706.5,880.3,-173.8,173.8
202.9,388.72,-185.81,185.81
418.45,706.44,-287.99,287.99
109.8,178.84,-69.04,69.04
261.55,501.98,-240.43,240.43
183.08,508.02,-324.94,324.94
125.55,166.02,-40.47,40.47
295.8,305.74,-9.94,9.94
4.25,8.15,-3.9,3.9
222.4,339.27,-116.87,116.87
437.37,371.58,65.79,65.79
131.3,271.46,-140.16,140.16
128.25,233.14,-104.89,104.89
122.4,498.35,-375.95,375.95
1364.61,2547.41,-1182.8,1182.8
369.41,392.62,-23.21,23.21
361.5,285.14,76.36,76.36
2825.1,1613.89,1211.21,1211.21
75.35,110.34,-34.99,34.99
361.34,166.77,194.57,194.57
229.75,156.89,72.86,72.86
173.8,507.57,-333.77,333.77
113.96,148.67,-34.71,34.71
79.6,301.75,-222.15,222.15
1042.31,597.91,444.4,444.4
214.71,277.35,-62.64,62.64
374.7,265.67,109.03,109.03
125.55,154.01,-28.46,28.46
513.77,340.99,172.78,172.78
185.22,575.66,-390.44,390.44
149.5,211.64,-62.14,62.14
320.05,319.64,0.41,0.41
433.7,254.04,179.66,179.66
1297.85,420.76,877.09,877.09
393.34,958.22,-564.88,564.88
306.88,478.66,-171.78,171.78
141.85,197.95,-56.1,56.1
188.1,607.61,-419.51,419.51
120.0,392.29,-272.29,272.29
303.48,395.11,-91.63,91.63
1062.1,1572.7,-510.6,510.6
642.36,642.51,-0.15,0.15
161.81,180.71,-18.9,18.9
526.22,432.74,93.49,93.49
55.42,632.66,-577.24,577.24
353.45,246.34,107.11,107.11
524.5,317.43,207.07,207.07
184.59,335.85,-151.26,151.26
215.65,260.17,-44.52,44.52
264.91,152.84,112.07,112.07
285.19,553.81,-268.62,268.62
464.88,490.54,-25.66,25.66
163.72,432.77,-269.05,269.05
184.2,261.14,-76.94,76.94
100.44,177.86,-77.42,77.42
361.99,480.64,-118.65,118.65
393.4,866.26,-472.86,472.86
646.82,68.4,578.42,578.42
453.2,595.88,-142.68,142.68
418.34,299.52,118.82,118.82
344.35,333.83,10.52,10.52
31.3,85.49,-54.19,54.19
129.18,205.09,-75.91,75.91
176.04,275.32,-99.28,99.28
358.25,391.29,-33.04,33.04
1708.68,901.18,807.5,807.5
416.9,402.95,13.95,13.95
493.04,3916.87,-3423.83,3423.83
767.0,339.64,427.36,427.36
477.14,366.77,110.37,110.37
629.37,1196.0,-566.63,566.63
245.83,286.73,-40.9,40.9
94.08,182.09,-88.01,88.01
298.79,382.08,-83.29,83.29
8.2,316.42,-308.22,308.22
704.6,437.01,267.59,267.59
1838.91,733.88,1105.03,1105.03
5518.68,3745.36,1773.32,1773.32
343.94,189.35,154.59,154.59
839.99,789.41,50.58,50.58
2105.98,744.36,1361.62,1361.62
142.85,199.21,-56.36,56.36
235.16,188.21,46.95,46.95
835.57,600.66,234.91,234.91
186.8,87.71,99.09,99.09
412.93,950.21,-537.28,537.28
385.57,358.96,26.61,26.61
161.82,208.18,-46.36,46.36
50.15,53.04,-2.9,2.9
385.46,322.96,62.5,62.5
290.8,499.39,-208.59,208.59
56.75,862.15,-805.4,805.4
360.24,372.84,-12.6,12.6
23.04,110.29,-87.25,87.25
5.45,264.86,-259.41,259.41
466.74,497.21,-30.47,30.47
281.66,357.4,-75.74,75.74
250.65,234.81,15.84,15.84
82.66,97.54,-14.88,14.88
365.28,519.64,-154.36,154.36
350.82,686.77,-335.95,335.95
85.36,264.77,-179.41,179.41
254.18,372.79,-118.61,118.61
465.84,755.91,-290.07,290.07
433.93,105.61,328.32,328.32
14.25,68.24,-53.99,53.99
85.32,3585.61,-3500.29,3500.29
123.15,117.21,5.94,5.94
163.15,189.05,-25.9,25.9
59.1,103.82,-44.72,44.72
54.2,192.28,-138.08,138.08
312.98,166.16,146.82,146.82
325.44,422.3,-96.86,96.86
313.8,612.91,-299.11,299.11
362.76,238.01,124.75,124.75
111.9,235.0,-123.1,123.1
321.9,260.76,61.14,61.14
382.18,273.15,109.03,109.03
849.04,741.71,107.33,107.33
427.8,390.11,37.69,37.69
45.6,189.86,-144.26,144.26
492.5,477.77,14.73,14.73
531.21,331.59,199.62,199.62
211.55,318.6,-107.05,107.05
428.05,242.29,185.76,185.76
688.62,311.68,376.94,376.94
5405.48,4565.16,840.32,840.32
120.71,337.57,-216.86,216.86
162.24,222.59,-60.35,60.35
10267.88,1209.65,9058.23,9058.23
188.77,59.61,129.16,129.16
169.75,268.39,-98.64,98.64
497.26,206.38,290.88,290.88
195.0,400.42,-205.42,205.42
404.8,213.23,191.57,191.57
112.5,118.73,-6.23,6.23
315.17,323.2,-8.03,8.03
317.25,354.15,-36.9,36.9
117.86,386.65,-268.79,268.79
303.06,682.52,-379.46,379.46
87.3,360.41,-273.11,273.11
152.82,214.78,-61.96,61.96
788.06,5845.92,-5057.86,5057.86
822.24,784.99,37.25,37.25
422.07,500.19,-78.12,78.12
826.7,565.03,261.67,261.67
456.27,574.59,-118.32,118.32
98.3,249.02,-150.72,150.72
250.52,551.33,-300.81,300.81
303.9,239.82,64.08,64.08
698.39,608.52,89.87,89.87
457.26,328.95,128.31,128.31
132.45,263.03,-130.58,130.58
305.08,191.48,113.6,113.6
7427.32,521.38,6905.94,6905.94
323.87,206.47,117.4,117.4
369.12,446.83,-77.71,77.71
399.18,914.78,-515.6,515.6
250.0,115.92,134.08,134.08
114.88,403.8,-288.92,288.92
688.0,650.03,37.97,37.97
350.76,368.8,-18.04,18.04
106.9,69.75,37.15,37.15
303.07,311.36,-8.29,8.29
302.47,504.01,-201.54,201.54
192.05,242.27,-50.22,50.22
220.07,234.99,-14.92,14.92
667.03,897.46,-230.43,230.43
113.89,195.14,-81.25,81.25
350.9,331.9,19.0,19.0
252.14,156.67,95.47,95.47
134.38,380.98,-246.6,246.6
242.22,334.27,-92.05,92.05
1025.35,485.76,539.59,539.59
331.26,396.5,-65.24,65.24
4005.35,478.32,3527.03,3527.03
150.92,274.48,-123.57,123.57
206.25,397.24,-190.99,190.99
157.66,209.77,-52.11,52.11
119.85,477.65,-357.8,357.8
265.14,261.4,3.74,3.74
302.54,495.01,-192.47,192.47
50.4,195.56,-145.16,145.16
381.7,211.68,170.02,170.02
255.36,303.99,-48.63,48.63
385.3,380.26,5.04,5.04
223.42,124.87,98.55,98.55
379.28,226.32,152.96,152.96
414.25,354.2,60.06,60.06
130.65,511.35,-380.7,380.7
211.47,219.38,-7.91,7.91
71.82,131.34,-59.52,59.52
226.4,156.35,70.05,70.05
378.24,363.77,14.47,14.47
387.42,292.75,94.67,94.67
825.6,3302.15,-2476.55,2476.55
598.97,1091.36,-492.39,492.39
104.6,294.79,-190.19,190.19
308.6,316.17,-7.57,7.57
2145.38,473.17,1672.21,1672.21
1304.7,730.02,574.68,574.68
726.85,300.57,426.28,426.28
429.15,909.23,-480.08,480.08
129.95,272.74,-142.79,142.79
1321.25,728.09,593.16,593.16
153.76,196.23,-42.47,42.47
485.63,356.27,129.36,129.36
157.2,83.14,74.06,74.06
39.84,25.08,14.76,14.76
91.8,191.3,-99.5,99.5
192.7,215.96,-23.26,23.26
254.28,226.25,28.03,28.03
376.24,859.4,-483.16,483.16
146.23,114.25,31.98,31.98
220.95,224.68,-3.73,3.73
343.41,337.27,6.14,6.14
355.22,344.76,10.46,10.46
187.2,341.54,-154.34,154.34
301.9,283.83,18.07,18.07
347.49,360.35,-12.86,12.86
196.86,333.47,-136.61,136.61
34.56,7881.89,-7847.33,7847.33
470.55,265.5,205.04,205.04
7.15,263.56,-256.41,256.41
343.08,316.78,26.3,26.3
318.9,300.96,17.94,17.94
1581.85,475.42,1106.42,1106.42
296.2,320.92,-24.72,24.72
666.84,246.05,420.79,420.79
319.29,200.61,118.68,118.68
396.65,140.2,256.45,256.45
447.6,72.84,374.76,374.76
183.5,319.66,-136.16,136.16
99.5,155.52,-56.02,56.02
444.47,574.92,-130.45,130.45
269.31,157.1,112.21,112.21
497.97,340.87,157.1,157.1
269.64,513.69,-244.05,244.05
606.72,862.3,-255.58,255.58
561.84,2739.5,-2177.66,2177.66
173.07,284.63,-111.56,111.56
327.8,854.75,-526.95,526.95
997.5,491.96,505.54,505.54
515.7,339.45,176.25,176.25
340.34,481.5,-141.16,141.16
314.9,344.89,-29.99,29.99
327.2,354.01,-26.81,26.81
441.81,206.4,235.42,235.42
156.09,184.85,-28.76,28.76
244.79,341.96,-97.17,97.17
162.72,183.72,-21.0,21.0
174.53,461.5,-286.97,286.97
78.72,3511.32,-3432.6,3432.6
100.66,154.33,-53.67,53.67
244.56,227.4,17.16,17.16
345.85,256.5,89.35,89.35
1181.52,704.9,476.62,476.62
400.15,409.9,-9.76,9.76
736.78,270.64,466.14,466.14
266.36,286.51,-20.15,20.15
141.6,364.14,-222.54,222.54
382.66,288.53,94.13,94.13
493.05,446.47,46.58,46.58
540.0,753.26,-213.26,213.26
718.99,816.68,-97.69,97.69
15.6,226.36,-210.76,210.76
500.1,457.52,42.58,42.58
612.0,1060.38,-448.38,448.38
415.28,633.44,-218.16,218.16
515.9,390.9,125.0,125.0
776.3,436.34,339.96,339.96
146.19,109.21,36.98,36.98
20.08,75.2,-55.12,55.12
1436.91,957.31,479.6,479.6
464.32,659.35,-195.03,195.03
79.8,321.98,-242.18,242.18
664.0,356.13,307.87,307.87
109.2,889.8,-780.6,780.6
612.68,447.1,165.57,165.57
397.78,343.56,54.22,54.22
1583.24,475.86,1107.38,1107.38
578.94,312.31,266.63,266.63
178.8,125.9,52.9,52.9
385.8,329.42,56.38,56.38
57.45,102.2,-44.75,44.75
239.2,241.55,-2.35,2.35
286.08,8107.27,-7821.19,7821.19
794.66,1208.15,-413.49,413.49
34.8,690.67,-655.87,655.87
306.91,241.41,65.5,65.5
267.15,344.37,-77.22,77.22
301.4,276.14,25.26,25.26
3609.8,1850.66,1759.14,1759.14
529.04,788.98,-259.94,259.94
433.29,213.05,220.24,220.24
121.23,177.12,-55.89,55.89
571.3,465.06,106.24,106.24
716.0,487.26,228.74,228.74
170.4,392.7,-222.3,222.3
102.0,188.97,-86.97,86.97
2062.44,513.1,1549.34,1549.34
319.08,411.38,-92.3,92.3
141.17,664.12,-522.95,522.95
3953.35,350.36,3602.99,3602.99
647.92,1603.01,-955.09,955.09
308.06,385.9,-77.85,77.85
182.12,334.78,-152.65,152.65
159.13,220.66,-61.53,61.53
615.09,502.24,112.85,112.85
39.6,298.39,-258.79,258.79
199.3,155.46,43.84,43.84
169.35,173.98,-4.63,4.63
219.46,88.4,131.06,131.06
339.4,212.46,126.94,126.94
160.65,168.81,-8.16,8.16
299.81,386.31,-86.5,86.5
86.0,251.61,-165.61,165.61
512.7,710.91,-198.21,198.21
406.42,330.68,75.74,75.74
591.3,617.07,-25.77,25.77
144.5,193.33,-48.83,48.83
797.6,375.34,422.26,422.26
389.96,376.32,13.64,13.64
40.8,32.63,8.17,8.17
579.86,411.51,168.35,168.35
16.5,101.72,-85.22,85.22
48.46,175.04,-126.58,126.58
786.84,835.68,-48.85,48.85
891.42,256.63,634.79,634.79
3648.6,2694.86,953.74,953.74
259.79,252.92,6.88,6.88
370.13,458.57,-88.44,88.44
759.08,1061.05,-301.97,301.97
151.7,157.67,-5.97,5.97
930.71,1004.07,-73.36,73.36
305.28,442.22,-136.94,136.94
188.7,148.51,40.19,40.19
310.6,412.68,-102.08,102.08
317.1,654.72,-337.62,337.62
107.07,126.52,-19.45,19.45
320.42,397.32,-76.9,76.9
105.0,292.26,-187.26,187.26
334.9,359.78,-24.88,24.88
282.6,124.96,157.64,157.64
171.6,116.11,55.49,55.49
483.01,464.42,18.59,18.59
309.0,303.35,5.65,5.65
314.16,325.91,-11.75,11.75
793.47,915.94,-122.47,122.47
105.78,165.42,-59.64,59.64
364.18,701.88,-337.7,337.7
580.08,170.24,409.84,409.84
3506.24,3109.02,397.22,397.22
910.98,254.04,656.94,656.94
204.0,274.48,-70.48,70.48
484.06,913.8,-429.74,429.74
126.0,114.85,11.15,11.15
163.56,177.24,-13.67,13.67
510.27,491.41,18.86,18.86
173.7,229.54,-55.84,55.84
213.07,229.17,-16.1,16.1
217.93,202.91,15.02,15.02
1588.75,926.02,662.73,662.73
620.37,571.8,48.57,48.57
619.84,421.37,198.47,198.47
49.5,143.42,-93.92,93.92
443.18,573.89,-130.71,130.71
512.0,545.42,-33.42,33.42
140.6,155.54,-14.94,14.94
18841.48,651.23,18190.25,18190.25
1059.24,3477.51,-2418.27,2418.27
302.8,226.26,76.54,76.54
307.8,800.68,-492.87,492.87
22206.0,7147.18,15058.82,15058.82
525.34,409.24,116.11,116.11
154.2,214.05,-59.85,59.85
630.42,1098.16,-467.74,467.74
2805.28,680.01,2125.27,2125.27
315.72,285.05,30.67,30.67
75.4,824.31,-748.91,748.91
732.4,2600.49,-1868.09,1868.09
431.56,111.45,320.11,320.11
202.88,458.27,-255.39,255.39
157.4,301.9,-144.5,144.5
174.15,140.05,34.1,34.1
491.51,464.25,27.26,27.26
385.89,644.74,-258.85,258.85
130.8,453.91,-323.11,323.11
550.55,215.64,334.91,334.91
832.8,376.35,456.45,456.45
439.3,490.22,-50.92,50.92
114.6,411.07,-296.47,296.47
107.8,494.08,-386.28,386.28
47.4,431.95,-384.55,384.55
354.36,286.95,67.41,67.41
476.99,310.24,166.75,166.75
304.49,445.95,-141.46,141.46
25.2,424.03,-398.83,398.83
366.5,766.9,-400.4,400.4
303.32,681.95,-378.63,378.63
99.83,108.87,-9.04,9.04
535.97,413.9,122.07,122.07
893.6,700.56,193.03,193.03
327.0,374.37,-47.37,47.37
306.72,279.77,26.95,26.95
522.48,762.4,-239.92,239.92
122.32,354.76,-232.44,232.44
957.33,364.76,592.57,592.57
35.28,223.3,-188.02,188.02
4.95,546.14,-541.19,541.19
317.69,314.4,3.29,3.29
495.0,521.77,-26.77,26.77
358.06,426.77,-68.71,68.71
351.9,523.35,-171.45,171.45
368.3,801.78,-433.48,433.48
305.56,186.07,119.49,119.49
396.6,319.35,77.25,77.25
1798.33,688.33,1110.0,1110.0
343.44,422.71,-79.27,79.27
136.0,227.66,-91.66,91.66
364.14,135.33,228.81,228.81
103.8,193.3,-89.5,89.5
119.15,491.37,-372.22,372.22
822.62,646.93,175.69,175.69
789.9,267.51,522.39,522.39
330.2,243.6,86.6,86.6
163.2,201.21,-38.01,38.01
10.08,180.92,-170.84,170.84
390.98,1112.67,-721.69,721.69
487.97,227.28,260.69,260.69
430.17,742.19,-312.02,312.02
607.74,2146.91,-1539.17,1539.17
15.6,1200.95,-1185.35,1185.35
124.16,631.52,-507.36,507.36
316.2,349.8,-33.6,33.6
277.39,293.98,-16.59,16.59
672.9,330.11,342.79,342.79
165.92,238.64,-72.72,72.72
420.12,236.3,183.82,183.82
135.0,65.86,69.14,69.14
991.98,588.52,403.46,403.46
471.88,455.61,16.27,16.27
2527.94,4904.38,-2376.44,2376.44
848.87,671.19,177.68,177.68
81.0,101.28,-20.28,20.28
303.37,669.89,-366.52,366.52
2016.0,617.1,1398.9,1398.9
286.8,525.15,-238.35,238.35
454.6,1491.16,-1036.56,1036.56
355.77,160.83,194.94,194.94
144.56,158.38,-13.82,13.82
708.6,425.43,283.17,283.17
373.04,542.33,-169.29,169.29
384.0,587.89,-203.89,203.89
527.85,506.72,21.13,21.13
40.46,571.37,-530.91,530.91
358.9,612.56,-253.66,253.66
976.25,1944.91,-968.66,968.66
206.72,110.68,96.04,96.04
397.79,330.28,67.51,67.51
462.85,502.41,-39.56,39.56
424.32,351.33,72.99,72.99
22.2,243.06,-220.86,220.86
2232.0,2670.39,-438.39,438.39
151.95,499.89,-347.94,347.94
195.06,370.51,-175.45,175.45
337.5,542.13,-204.63,204.63
315.69,266.4,49.29,49.29
271.09,355.0,-83.92,83.92
396.77,463.28,-66.51,66.51
183.6,194.02,-10.42,10.42
327.71,344.8,-17.09,17.09
249.94,568.14,-318.2,318.2
402.24,209.2,193.04,193.04
452.46,447.06,5.4,5.4
97.5,262.12,-164.62,164.62
96.0,102.87,-6.87,6.87
162.4,300.57,-138.17,138.17
300.79,309.23,-8.44,8.44
242.37,341.07,-98.7,98.7
463.09,457.36,5.73,5.73
91.4,323.56,-232.16,232.16
792.94,521.95,270.99,270.99
341.19,341.37,-0.18,0.18
267.32,661.97,-394.65,394.65
376.9,450.6,-73.71,73.71
539.2,2878.49,-2339.29,2339.29
87.97,1005.88,-917.91,917.91
287.19,240.74,46.45,46.45
1000.88,662.18,338.7,338.7
414.49,319.17,95.32,95.32
17.4,100.76,-83.36,83.36
495.78,250.4,245.38,245.38
152.64,253.19,-100.55,100.55
470.4,757.7,-287.3,287.3
764.32,969.02,-204.7,204.7
215.25,259.23,-43.98,43.98
586.85,858.77,-271.92,271.92
350.3,263.76,86.54,86.54
17.0,105.58,-88.58,88.58
106.0,136.37,-30.37,30.37
1180.12,1609.54,-429.43,429.43
189.58,461.65,-272.07,272.07
1234.0,643.63,590.37,590.37
334.46,586.69,-252.23,252.23
434.6,377.11,57.49,57.49
737.04,238.69,498.35,498.35
1070.4,478.79,591.61,591.61
742.8,651.9,90.9,90.9
325.47,318.62,6.85,6.85
1974.06,214.55,1759.51,1759.51
615.0,416.09,198.91,198.91
324.96,206.64,118.32,118.32
234.6,168.58,66.02,66.02
495.0,746.63,-251.63,251.63
248.06,260.0,-11.94,11.94
401.3,800.53,-399.23,399.23
119.25,290.1,-170.85,170.85
128.88,501.87,-372.99,372.99
101.34,150.28,-48.94,48.94
205.67,248.15,-42.48,42.48
144.15,628.79,-484.64,484.64
276.3,65.12,211.18,211.18
120.05,300.53,-180.48,180.48
150.2,275.54,-125.34,125.34
176.89,323.66,-146.77,146.77
422.45,406.08,16.37,16.37
120.59,146.69,-26.1,26.1
149.1,601.53,-452.43,452.43
22.2,56.3,-34.1,34.1
116.95,216.82,-99.87,99.87
365.2,276.69,88.51,88.51
99.45,229.22,-129.77,129.77
371.29,170.1,201.19,201.19
147.9,146.19,1.71,1.71
688.45,655.9,32.55,32.55
6549.12,864.45,5684.67,5684.67
130.05,127.39,2.66,2.66
201.9,961.78,-759.88,759.88
142.38,215.55,-73.17,73.17
418.7,700.32,-281.62,281.62
294.58,332.25,-37.67,37.67
1168.2,380.67,787.53,787.53
418.82,430.83,-12.01,12.01
450.4,1088.5,-638.1,638.1
78.0,218.59,-140.59,140.59
463.82,382.87,80.95,80.95
190.8,518.6,-327.8,327.8
755.05,286.83,468.22,468.22
388.77,586.5,-197.73,197.73
388.0,184.16,203.84,203.84
252.62,181.95,70.67,70.67
213.06,243.59,-30.53,30.53
1353.2,433.12,920.08,920.08
245.3,237.26,8.04,8.04
571.48,265.59,305.89,305.89
78.6,144.72,-66.12,66.12
381.2,624.54,-243.34,243.34
156.79,239.23,-82.44,82.44
58.35,952.57,-894.22,894.22
111.0,288.79,-177.79,177.79
72.0,54.71,17.29,17.29
439.75,341.26,98.49,98.49
380.76,393.15,-12.39,12.39
200.99,445.31,-244.32,244.32
460.63,451.63,9.0,9.0
307.35,194.9,112.45,112.45
1.9,84.18,-82.28,82.28
163.68,121.08,42.6,42.6
232.4,266.91,-34.51,34.51
1314.0,307.45,1006.55,1006.55
479.45,454.89,24.56,24.56
250.9,128.38,122.52,122.52
640.14,664.46,-24.32,24.32
105.78,197.0,-91.22,91.22
246.54,604.13,-357.59,357.59
326.52,395.66,-69.14,69.14
426.05,294.18,131.87,131.87
996.62,439.72,556.9,556.9
206.46,408.64,-202.18,202.18
36.8,204.4,-167.6,167.6
346.38,458.24,-111.86,111.86
512.81,520.14,-7.33,7.33
467.11,533.84,-66.73,66.73
29.89,83.43,-53.54,53.54
301.29,350.88,-49.59,49.59
184.21,45.69,138.52,138.52
90.4,157.44,-67.04,67.04
253.75,327.34,-73.59,73.59
254.8,233.92,20.88,20.88
292.4,274.42,17.97,17.97
3279.36,3175.31,104.05,104.05
258.13,334.78,-76.65,76.65
387.05,542.93,-155.88,155.88
186.88,229.7,-42.82,42.82
128.31,199.79,-71.48,71.48
51.78,283.16,-231.38,231.38
152.19,270.69,-118.5,118.5
293.4,205.31,88.09,88.09
555.39,663.34,-107.95,107.95
231.0,154.44,76.56,76.56
521.54,339.72,181.82,181.82
123.75,133.42,-9.67,9.67
335.07,658.66,-323.59,323.59
264.62,159.38,105.24,105.24
25.2,512.76,-487.56,487.56
593.79,210.32,383.47,383.47
301.0,350.03,-49.03,49.03
919.04,418.17,500.87,500.87
295.64,314.33,-18.69,18.69
227.4,242.02,-14.62,14.62
492.28,483.06,9.22,9.22
1697.98,523.52,1174.46,1174.46
15.4,29.32,-13.92,13.92
634.2,207.93,426.27,426.27
204.24,250.84,-46.6,46.6
363.18,326.28,36.9,36.9
191.25,223.18,-31.93,31.93
728.92,777.1,-48.18,48.18
185.85,242.91,-57.06,57.06
277.43,433.49,-156.06,156.06
1381.3,1537.13,-155.83,155.83
343.8,461.79,-117.99,117.99
113.55,151.22,-37.67,37.67
639.69,318.16,321.54,321.54
51.18,287.96,-236.78,236.78
374.87,319.59,55.28,55.28
303.24,235.98,67.26,67.26
449.3,563.34,-114.05,114.05
108.4,242.88,-134.48,134.48
248.64,264.42,-15.78,15.78
161.35,208.74,-47.39,47.39
353.02,553.93,-200.91,200.91
371.3,507.99,-136.69,136.69
1103.32,309.06,794.26,794.26
1578.31,2307.99,-729.68,729.68
8.1,245.56,-237.46,237.46
138.19,215.58,-77.39,77.39
456.92,484.73,-27.81,27.81
629.25,563.58,65.67,65.67
9.3,345.83,-336.53,336.53
247.72,453.08,-205.36,205.36
204.85,295.89,-91.04,91.04
213.9,346.82,-132.92,132.92
14.99,248.52,-233.52,233.52
338.19,209.67,128.52,128.52
588.88,377.06,211.82,211.82
518.2,837.51,-319.31,319.31
432.26,250.33,181.93,181.93
357.88,354.9,2.98,2.98
303.21,340.27,-37.06,37.06
168.48,249.02,-80.54,80.54
301.32,253.46,47.86,47.86
75.64,33.65,41.99,41.99
146.92,121.24,25.68,25.68
877.71,773.51,104.2,104.2
133.7,223.8,-90.1,90.1
127.34,196.8,-69.46,69.46
365.16,178.31,186.85,186.85
180.33,289.06,-108.73,108.73
352.42,288.29,64.13,64.13
229.8,123.03,106.77,106.77
233.9,529.32,-295.42,295.42
15.12,54.57,-39.45,39.45
157.2,88.1,69.1,69.1
313.74,190.72,123.02,123.02
1.95,90.2,-88.25,88.25
660.84,393.31,267.53,267.53
511.0,425.51,85.49,85.49
390.47,108.16,282.31,282.31
46.8,48.36,-1.56,1.56
184.26,247.43,-63.17,63.17
317.22,274.34,42.88,42.88
410.85,616.48,-205.63,205.63
322.2,504.04,-181.84,181.84
298.73,148.76,149.97,149.97
63.42,297.72,-234.3,234.3
437.98,1079.72,-641.74,641.74
638.02,900.32,-262.3,262.3
130.05,205.58,-75.53,75.53
321.5,324.53,-3.03,3.03
13249.94,3285.29,9964.65,9964.65
7.5,163.51,-156.01,156.01
149.8,460.98,-311.18,311.18
487.45,432.13,55.32,55.32
231.4,257.21,-25.81,25.81
404.83,315.99,88.84,88.84
240.0,790.71,-550.71,550.71
241.48,71.43,170.05,170.05
180.85,369.32,-188.47,188.47
309.56,280.65,28.91,28.91
337.28,743.01,-405.73,405.73
689.42,675.94,13.48,13.48
426.37,708.97,-282.6,282.6
245.64,349.49,-103.85,103.85
311.73,366.03,-54.3,54.3
157.7,154.27,3.43,3.43
118.71,192.31,-73.6,73.6
308.76,538.91,-230.15,230.15
108.0,243.25,-135.25,135.25
59.4,335.38,-275.98,275.98
153.84,271.49,-117.65,117.65
77.64,419.3,-341.66,341.66
1885.1,616.59,1268.51,1268.51
1909.62,1214.4,695.22,695.22
2739.92,1086.51,1653.41,1653.41
318.06,241.49,76.57,76.57
142.44,192.39,-49.95,49.95
24.75,218.74,-193.98,193.98
132.67,207.67,-75.0,75.0
480.0,393.21,86.79,86.79
316.99,324.22,-7.23,7.23
534.2,545.81,-11.61,11.61
238.0,209.68,28.32,28.32
490.78,383.89,106.89,106.89
1056.62,1156.48,-99.86,99.86
229.26,317.14,-87.88,87.88
111.37,526.61,-415.24,415.24
410.45,521.4,-110.95,110.95
203.38,300.3,-96.92,96.92
663.24,1021.76,-358.52,358.52
177.35,58.13,119.22,119.22
93.44,415.81,-322.37,322.37
234.25,299.14,-64.89,64.89
613.25,385.45,227.8,227.8
54.48,141.97,-87.49,87.49
381.06,499.66,-118.6,118.6
303.0,284.45,18.55,18.55
534.28,476.73,57.55,57.55
8.9,150.12,-141.22,141.22
596.98,762.56,-165.58,165.58
20.85,382.04,-361.19,361.19
127.62,257.59,-129.97,129.97
291.4,310.31,-18.91,18.91
126.82,357.55,-230.73,230.73
307.22,459.39,-152.17,152.17
523.0,1710.78,-1187.78,1187.78
284.35,311.02,-26.67,26.67
424.36,495.05,-70.69,70.69
266.92,939.98,-673.06,673.06
125.99,198.01,-72.02,72.02
90.8,112.6,-21.8,21.8
513.3,379.44,133.86,133.86
149.7,192.21,-42.51,42.51
35.4,19.33,16.07,16.07
253.26,303.2,-49.94,49.94
655.79,240.67,415.12,415.12
300.0,146.24,153.76,153.76
314.1,946.04,-631.94,631.94
22.2,175.12,-152.92,152.92
214.94,719.59,-504.65,504.65
603.76,429.58,174.18,174.18
316.45,284.64,31.81,31.81
194.51,553.29,-358.78,358.78
182.55,274.07,-91.52,91.52
92.5,102.6,-10.1,10.1
152.7,215.96,-63.26,63.26
104.0,203.8,-99.8,99.8
622.62,221.87,400.75,400.75
396.2,254.15,142.05,142.05
223.5,355.09,-131.59,131.59
266.26,210.99,55.27,55.27
357.0,410.27,-53.27,53.27
107.1,141.92,-34.82,34.82
4114.08,4841.64,-727.56,727.56
292.99,369.77,-76.78,76.78
7.65,188.54,-180.89,180.89
1020.0,350.12,669.88,669.88
301.88,525.65,-223.77,223.77
195.68,448.23,-252.55,252.55
1353.1,448.25,904.85,904.85
169.94,165.73,4.21,4.21
116.09,359.75,-243.66,243.66
604.0,697.55,-93.55,93.55
482.96,357.19,125.77,125.77
164.28,126.37,37.91,37.91
228.97,148.06,80.91,80.91
499.56,671.22,-171.66,171.66
252.54,225.29,27.25,27.25
433.04,409.13,23.91,23.91
66.0,51.39,14.61,14.61
285.58,277.28,8.3,8.3
461.64,590.81,-129.17,129.17
271.04,173.06,97.98,97.98
205.71,497.01,-291.3,291.3
304.87,499.8,-194.93,194.93
1468.8,3396.84,-1928.04,1928.04
114.06,258.51,-144.45,144.45
687.38,448.19,239.19,239.19
221.15,297.6,-76.45,76.45
5350.4,3167.27,2183.13,2183.13
504.3,902.96,-398.66,398.66
321.75,238.0,83.75,83.75
187.05,251.68,-64.63,64.63
401.1,996.52,-595.42,595.42
608.46,242.17,366.29,366.29
45.0,434.49,-389.49,389.49
232.71,167.47,65.24,65.24
116.0,332.91,-216.91,216.91
22.2,120.71,-98.51,98.51
305.75,518.33,-212.58,212.58
14.95,187.67,-172.72,172.72
42.36,349.48,-307.12,307.12
314.84,344.6,-29.75,29.75
474.66,274.64,200.02,200.02
142.14,304.58,-162.44,162.44
120.5,474.35,-353.85,353.85
277.75,194.87,82.88,82.88
325.68,375.11,-49.43,49.43
173.04,158.7,14.34,14.34
113.25,123.1,-9.85,9.85
337.6,169.23,168.37,168.37
347.1,496.4,-149.3,149.3
164.28,298.12,-133.84,133.84
139.98,331.09,-191.11,191.11
479.4,1256.18,-776.78,776.78
300.02,274.4,25.62,25.62
308.78,484.62,-175.84,175.84
206.28,187.57,18.71,18.71
253.1,117.89,135.21,135.21
420.47,298.03,122.44,122.44
275.37,300.34,-24.97,24.97
362.18,416.49,-54.31,54.31
482.07,278.47,203.6,203.6
233.92,254.41,-20.49,20.49
380.45,222.25,158.2,158.2
275.1,407.22,-132.12,132.12
191.16,150.92,40.24,40.24
269.66,148.69,120.97,120.97
352.36,191.76,160.6,160.6
242.45,276.95,-34.5,34.5
41.45,48.6,-7.15,7.15
145.87,112.98,32.89,32.89
391.9,223.72,168.18,168.18
244.87,238.94,5.93,5.93
454.68,187.35,267.33,267.33
103.97,98.89,5.08,5.08
187.39,249.24,-61.85,61.85
126.0,526.9,-400.9,400.9
481.14,204.9,276.24,276.24
297.73,425.05,-127.32,127.32
187.71,243.82,-56.11,56.11
30.12,301.28,-271.16,271.16
13.5,338.0,-324.5,324.5
761.44,707.85,53.59,53.59
319.86,312.66,7.2,7.2
2227.86,1517.66,710.2,710.2
388.36,1101.09,-712.73,712.73
151.68,332.27,-180.59,180.59
9.0,70.93,-61.93,61.93
234.0,243.67,-9.67,9.67
88.5,134.05,-45.55,45.55
379.72,507.66,-127.94,127.94
99.44,221.36,-121.92,121.92
44.2,131.65,-87.45,87.45
196.68,200.1,-3.42,3.42
29.7,667.16,-637.46,637.46
580.34,328.35,251.99,251.99
180.65,176.74,3.91,3.91
50.0,444.08,-394.08,394.08
388.72,750.31,-361.59,361.59
562.63,440.19,122.44,122.44
296.32,314.6,-18.28,18.28
214.71,357.83,-143.12,143.12
357.1,320.55,36.55,36.55
707.88,375.36,332.52,332.52
443.36,315.33,128.03,128.03
541.71,1644.09,-1102.38,1102.38
1004.4,521.48,482.92,482.92
139.03,221.27,-82.24,82.24
1995.56,302.87,1692.69,1692.69
255.0,605.66,-350.66,350.66
30.0,138.28,-108.28,108.28
682.17,856.28,-174.11,174.11
43.8,246.78,-202.98,202.98
339.3,423.54,-84.24,84.24
320.48,309.26,11.23,11.23
281.66,374.1,-92.44,92.44
368.76,555.99,-187.23,187.23
186.55,192.33,-5.78,5.78
292.34,727.98,-435.64,435.64
152.64,419.05,-266.41,266.41
188.9,257.48,-68.58,68.58
310.93,425.89,-114.96,114.96
372.24,262.04,110.2,110.2
329.01,589.23,-260.22,260.22
322.1,280.67,41.43,41.43
155.65,251.37,-95.72,95.72
239.48,619.38,-379.9,379.9
532.13,1035.53,-503.4,503.4
397.14,648.31,-251.17,251.17
283.99,250.74,33.25,33.25
305.0,334.61,-29.61,29.61
219.2,797.02,-577.82,577.82
194.4,233.38,-38.98,38.98
321.34,206.42,114.92,114.92
473.12,192.91,280.21,280.21
668.56,425.89,242.67,242.67
322.07,154.6,167.47,167.47
215.41,136.29,79.12,79.12
336.36,742.81,-406.45,406.45
225.9,462.4,-236.5,236.5
273.44,403.64,-130.2,130.2
104.05,78.76,25.29,25.29
455.95,339.19,116.76,116.76
647.76,559.37,88.39,88.39
137.77,291.62,-153.85,153.85
1718.4,1393.23,325.17,325.17
119.66,292.97,-173.31,173.31
819.26,477.68,341.58,341.58
344.41,342.28,2.13,2.13
322.67,301.95,20.72,20.72
127.38,291.73,-164.35,164.35
327.67,261.23,66.44,66.44
347.17,327.26,19.91,19.91
142.5,1018.04,-875.54,875.54
173.71,149.81,23.9,23.9
360.0,665.99,-305.99,305.99
702.04,465.64,236.4,236.4
220.8,256.74,-35.94,35.94
5424.0,324.24,5099.76,5099.76
275.76,341.84,-66.08,66.08
319.0,280.18,38.82,38.82
315.12,1385.68,-1070.56,1070.56
330.48,211.52,118.96,118.96
372.29,511.12,-138.83,138.83
557.7,1229.32,-671.62,671.62
149.34,168.2,-18.86,18.86
4.25,230.67,-226.42,226.42
340.38,411.31,-70.93,70.93
189.6,535.85,-346.25,346.25
65.28,193.09,-127.81,127.81
1444.66,828.27,616.39,616.39
462.58,456.71,5.87,5.87
915.84,106.21,809.63,809.63
75.68,197.79,-122.11,122.11
1.25,196.51,-195.26,195.26
361.46,170.31,191.15,191.15
260.48,258.99,1.49,1.49
255.0,393.42,-138.42,138.42
34.0,242.22,-208.22,208.22
21535.9,4235.24,17300.66,17300.66
8.5,274.18,-265.68,265.68
246.92,217.66,29.26,29.26
230.02,262.52,-32.5,32.5
75.6,205.34,-129.74,129.74
304.44,241.22,63.22,63.22
349.02,264.91,84.11,84.11
298.6,594.64,-296.04,296.04
992.0,623.52,368.48,368.48
358.02,218.33,139.69,139.69
460.23,258.35,201.88,201.88
82.53,191.17,-108.64,108.64
675.7,390.03,285.67,285.67
117.14,95.87,21.27,21.27
1603.06,383.36,1219.7,1219.7
234.25,389.91,-155.66,155.66
185.77,466.06,-280.29,280.29
14.85,233.13,-218.28,218.28
324.3,431.35,-107.05,107.05
403.34,254.4,148.94,148.94
515.1,605.39,-90.29,90.29
600.72,988.96,-388.24,388.24
326.66,285.07,41.59,41.59
165.0,160.36,4.64,4.64
171.44,175.97,-4.53,4.53
294.72,2565.57,-2270.85,2270.85
65.9,97.88,-31.98,31.98
1411.67,284.72,1126.95,1126.95
384.9,343.62,41.28,41.28
375.0,395.22,-20.22,20.22
675.0,792.95,-117.95,117.95
1393.48,1352.64,40.84,40.84
616.17,484.39,131.78,131.78
521.53,108.76,412.77,412.77
312.01,385.01,-73.0,73.0
339.45,141.06,198.39,198.39
516.24,574.75,-58.51,58.51
106.8,135.87,-29.07,29.07
416.7,450.33,-33.63,33.63
432.29,341.54,90.76,90.76
384.2,365.71,18.49,18.49
675.72,226.18,449.54,449.54
207.5,188.9,18.6,18.6
431.77,506.51,-74.74,74.74
264.89,410.73,-145.84,145.84
5727.0,2124.07,3602.93,3602.93
4345.1,1120.93,3224.17,3224.17
194.38,76.2,118.18,118.18
593.35,1258.26,-664.91,664.91
652.62,551.55,101.07,101.07
3.75,154.27,-150.52,150.52
219.12,327.15,-108.03,108.03
128.88,250.99,-122.11,122.11
241.01,274.83,-33.82,33.82
243.81,192.07,51.74,51.74
628.48,287.11,341.37,341.37
370.77,203.11,167.66,167.66
489.6,524.63,-35.03,35.03
403.26,292.93,110.33,110.33
115.23,277.75,-162.52,162.52
219.76,386.73,-166.97,166.97
185.82,1022.95,-837.13,837.13
130.53,140.84,-10.31,10.31
870.92,1014.27,-143.35,143.35
1440.96,672.11,768.85,768.85
120.66,120.48,0.18,0.18
259.9,260.69,-0.79,0.79
139.64,79.57,60.07,60.07
1224.6,407.63,816.96,816.96
263.46,347.26,-83.8,83.8
637.6,2329.22,-1691.62,1691.62
405.47,116.92,288.56,288.56
252.3,201.22,51.08,51.08
259.98,997.22,-737.24,737.24
155.93,375.94,-220.01,220.01
522.6,421.47,101.13,101.13
112.76,732.78,-620.02,620.02
329.92,242.96,86.97,86.97
252.37,477.31,-224.94,224.94
134.65,402.14,-267.49,267.49
227.2,199.22,27.98,27.98
764.74,878.94,-114.2,114.2
153.13,223.18,-70.05,70.05
309.5,320.23,-10.73,10.73
318.66,915.75,-597.09,597.09
1414.99,542.75,872.24,872.24
320.4,301.09,19.31,19.31
202.87,278.34,-75.47,75.47
279.74,316.01,-36.27,36.27
246.86,215.28,31.58,31.58
1144.75,1006.9,137.85,137.85
685.61,446.29,239.32,239.32
432.48,530.41,-97.93,97.93
438.5,482.99,-44.49,44.49
692.45,1385.02,-692.57,692.57
96.86,248.78,-151.92,151.92
110.55,189.12,-78.57,78.57
395.7,442.2,-46.5,46.5
39.6,112.28,-72.68,72.68
838.42,764.6,73.82,73.82
303.16,452.51,-149.35,149.35
145.92,110.91,35.01,35.01
85.2,358.72,-273.52,273.52
471.27,503.42,-32.15,32.15
601.04,266.91,334.13,334.13
633.44,872.12,-238.68,238.68
382.96,343.96,39.0,39.0
347.74,424.61,-76.87,76.87
25.08,59.58,-34.5,34.5
139.3,253.93,-114.63,114.63
196.93,253.2,-56.28,56.28
331.9,543.34,-211.44,211.44
109.26,191.14,-81.88,81.88
676.8,483.73,193.07,193.07
114.35,156.67,-42.32,42.32
102.01,129.97,-27.96,27.96
423.5,321.94,101.56,101.56
7398.54,2665.64,4732.9,4732.9
242.1,547.37,-305.27,305.27
219.01,229.59,-10.58,10.58
337.3,136.68,200.62,200.62
262.4,514.38,-251.98,251.98
103.85,176.53,-72.68,72.68
310.08,290.87,19.21,19.21
783.07,319.07,464.0,464.0
442.14,445.52,-3.38,3.38
369.95,200.01,169.94,169.94
111.2,252.38,-141.18,141.18
1097.24,429.72,667.52,667.52
668.8,779.18,-110.39,110.39
400.8,87.55,313.25,313.25
395.97,379.89,16.08,16.08
928.08,485.46,442.62,442.62
1296.56,3275.9,-1979.34,1979.34
115.08,140.38,-25.3,25.3
53.2,157.24,-104.04,104.04
25.2,757.86,-732.66,732.66
94.8,161.04,-66.24,66.24
81.54,1428.33,-1346.79,1346.79
652.8,372.42,280.38,280.38
84.69,126.76,-42.07,42.07
160.66,278.73,-118.07,118.07
467.95,188.1,279.85,279.85
39.9,131.43,-91.53,91.53
150.45,446.32,-295.87,295.87
5.95,289.65,-283.7,283.7
462.91,650.29,-187.38,187.38
3301.38,2146.56,1154.82,1154.82
315.57,392.2,-76.63,76.63
108.85,194.51,-85.66,85.66
123.08,166.36,-43.28,43.28
991.2,258.57,732.63,732.63
208.8,281.85,-73.05,73.05
303.3,365.97,-62.67,62.67
245.5,331.34,-85.84,85.84
131.66,258.8,-127.14,127.14
60.0,449.85,-389.85,389.85
273.71,358.59,-84.88,84.88
76.32,143.94,-67.62,67.62
359.46,846.85,-487.39,487.39
152.64,334.04,-181.4,181.4
520.44,824.7,-304.26,304.26
614.88,226.04,388.84,388.84
70.35,264.93,-194.58,194.58
526.72,395.41,131.31,131.31
600.11,533.81,66.3,66.3
224.14,320.23,-96.09,96.09
245.8,563.53,-317.73,317.73
593.72,658.36,-64.64,64.64
151.95,251.84,-99.89,99.89
231.8,211.53,20.27,20.27
293.63,526.96,-233.33,233.33
264.6,229.51,35.1,35.1
221.64,205.95,15.69,15.69
305.77,540.38,-234.61,234.61
423.84,469.34,-45.5,45.5
161.04,34.69,126.35,126.35
317.92,337.26,-19.34,19.34
239.75,307.54,-67.79,67.79
154.97,835.53,-680.56,680.56
69.79,83.26,-13.47,13.47
285.37,192.1,93.27,93.27
528.48,394.22,134.26,134.26
269.03,137.45,131.58,131.58
108.92,231.18,-122.26,122.26
312.29,217.6,94.69,94.69
45.3,506.64,-461.34,461.34
172.8,223.44,-50.64,50.64
453.05,298.71,154.34,154.34
499.49,181.85,317.64,317.64
146.1,178.74,-32.64,32.64
125.77,132.7,-6.93,6.93
231.74,327.43,-95.69,95.69
126.66,112.82,13.84,13.84
392.57,307.73,84.84,84.84
958.2,726.6,231.6,231.6
167.01,202.28,-35.27,35.27
122.22,265.96,-143.74,143.74
216.0,838.74,-622.74,622.74
151.95,359.38,-207.43,207.43
335.8,261.72,74.08,74.08
23.5,67.65,-44.15,44.15
15.0,594.09,-579.09,579.09
460.11,538.71,-78.6,78.6
267.0,379.98,-112.98,112.98
1145.33,311.45,833.88,833.88
333.65,212.99,120.66,120.66
331.74,463.69,-131.95,131.95
9349.72,2963.67,6386.05,6386.05
125.19,395.01,-269.82,269.82
15.6,366.26,-350.66,350.66
440.71,328.7,112.01,112.01
594.04,418.7,175.34,175.34
384.58,503.74,-119.17,119.17
238.3,315.62,-77.32,77.32
310.8,805.1,-494.3,494.3
796.64,418.28,378.36,378.36
172.89,280.79,-107.9,107.9
48.1,189.42,-141.32,141.32
500.52,384.3,116.22,116.22
224.37,175.5,48.87,48.87
289.85,1081.8,-791.96,791.96
118.8,300.18,-181.38,181.38
65.28,105.73,-40.45,40.45
115.27,113.76,1.51,1.51
562.69,508.49,54.2,54.2
302.46,199.19,103.27,103.27
408.29,390.97,17.32,17.32
303.58,307.28,-3.7,3.7
25.7,140.22,-114.52,114.52
189.6,399.0,-209.4,209.4
1578.87,878.91,699.96,699.96
374.5,330.88,43.62,43.62
312.49,299.41,13.08,13.08
594.36,282.08,312.28,312.28
202.26,262.11,-59.85,59.85
2375.42,999.98,1375.44,1375.44
373.8,545.66,-171.86,171.86
267.55,409.96,-142.41,142.41
290.1,270.85,19.25,19.25
67.15,292.27,-225.12,225.12
223.18,111.86,111.32,111.32
3453.72,3052.37,401.35,401.35
467.5,81.25,386.25,386.25
103.24,261.01,-157.77,157.77
1932.24,198.02,1734.22,1734.22
152.4,163.2,-10.8,10.8
65.4,134.28,-68.88,68.88
263.59,214.78,48.81,48.81
475.58,524.69,-49.11,49.11
210.9,280.9,-70.0,70.0
78.9,101.91,-23.01,23.01
357.5,293.34,64.16,64.16
407.35,319.91,87.44,87.44
495.1,584.33,-89.23,89.23
301.14,487.93,-186.79,186.79
244.13,171.83,72.3,72.3
403.03,307.38,95.65,95.65
160.55,375.24,-214.69,214.69
466.72,458.26,8.46,8.46
178.65,162.44,16.21,16.21
100.8,576.95,-476.15,476.15
3.2,460.36,-457.16,457.16
430.0,268.27,161.73,161.73
319.23,469.38,-150.15,150.15
86.9,234.67,-147.77,147.77
443.21,409.24,33.97,33.97
311.5,309.87,1.63,1.63
310.0,553.85,-243.85,243.85
201.27,207.67,-6.4,6.4
1319.78,503.28,816.5,816.5
229.99,217.3,12.69,12.69
217.6,259.94,-42.34,42.34
416.96,683.87,-266.91,266.91
480.04,503.5,-23.45,23.45
163.69,162.49,1.2,1.2
118.9,328.08,-209.18,209.18
232.77,462.67,-229.9,229.9
356.4,328.42,27.98,27.98
570.19,187.33,382.86,382.86
2646.3,687.08,1959.22,1959.22
366.12,311.42,54.7,54.7
22.5,72.26,-49.76,49.76
4415.44,3293.8,1121.64,1121.64
659.3,362.37,296.93,296.93
159.11,637.11,-478.0,478.0
238.98,474.46,-235.48,235.48
15.0,137.9,-122.9,122.9
239.28,576.52,-337.24,337.24
342.78,227.7,115.08,115.08
332.1,224.95,107.15,107.15
495.2,438.26,56.94,56.94
787.55,297.97,489.58,489.58
163.55,173.86,-10.31,10.31
2377.9,2291.4,86.5,86.5
272.16,665.83,-393.67,393.67
203.81,151.38,52.43,52.43
324.22,292.94,31.28,31.28
985.92,5204.87,-4218.95,4218.95
333.68,359.14,-25.45,25.45
378.36,423.15,-44.79,44.79
190.72,173.57,17.15,17.15
6.6,299.27,-292.67,292.67
526.1,289.0,237.1,237.1
129.15,252.6,-123.45,123.45
354.45,355.44,-0.99,0.99
172.15,169.49,2.66,2.66
1167.6,1803.26,-635.66,635.66
223.56,359.54,-135.98,135.98
3200.0,2509.11,690.89,690.89
82.56,133.62,-51.06,51.06
754.5,711.55,42.95,42.95
306.0,516.5,-210.5,210.5
525.79,523.9,1.89,1.89
278.13,297.1,-18.97,18.97
5.9,155.12,-149.22,149.22
313.38,447.25,-133.87,133.87
272.4,323.62,-51.23,51.23
29.7,1272.57,-1242.87,1242.87
297.16,289.92,7.24,7.24
140.69,155.53,-14.84,14.84
319.95,275.34,44.61,44.61
348.91,417.02,-68.11,68.11
412.49,454.75,-42.26,42.26
485.45,698.8,-213.35,213.35
493.4,506.21,-12.81,12.81
306.15,168.68,137.47,137.47
540.8,703.77,-162.97,162.97
211.49,201.5,9.99,9.99
113.35,144.35,-31.0,31.0
114.79,167.24,-52.45,52.45
224.43,369.36,-144.93,144.93
406.69,323.54,83.15,83.15
204.0,503.48,-299.48,299.48
673.29,563.52,109.76,109.76
134.48,113.05,21.43,21.43
38.1,65.15,-27.05,27.05
263.58,240.1,23.48,23.48
291.5,533.74,-242.24,242.24
77.52,65.05,12.47,12.47
82.8,336.99,-254.19,254.19
322.53,362.67,-40.14,40.14
287.38,190.85,96.53,96.53
34.0,118.39,-84.39,84.39
318.03,470.61,-152.58,152.58
786.98,242.81,544.17,544.17
301.42,275.07,26.35,26.35
444.22,541.22,-97.0,97.0
304.74,433.82,-129.08,129.08
316.7,261.83,54.87,54.87
455.45,389.44,66.01,66.01
325.63,1216.38,-890.75,890.75
46.2,940.56,-894.36,894.36
216.99,145.33,71.66,71.66
757.8,871.91,-114.11,114.11
302.96,495.35,-192.39,192.39
310.48,266.75,43.73,43.73
664.01,234.02,429.99,429.99
409.2,2401.36,-1992.16,1992.16
709.74,645.98,63.76,63.76
148.4,196.38,-47.98,47.98
67.5,3171.59,-3104.09,3104.09
83.9,122.18,-38.28,38.28
1181.68,332.22,849.46,849.46
447.93,596.66,-148.73,148.73
1077.12,744.35,332.77,332.77
222.31,208.12,14.19,14.19
177.31,299.33,-122.02,122.02
514.16,450.53,63.63,63.63
10992.96,1256.48,9736.48,9736.48
464.94,336.09,128.85,128.85
2487.4,3843.16,-1355.76,1355.76
38.41,57.66,-19.25,19.25
122.0,92.73,29.27,29.27
510.45,581.12,-70.67,70.67
15.0,284.36,-269.36,269.36
227.92,363.49,-135.57,135.57
135.3,188.7,-53.4,53.4
51.84,109.72,-57.88,57.88
337.5,355.31,-17.81,17.81
35.04,451.47,-416.43,416.43
119.0,226.15,-107.15,107.15
213.07,233.45,-20.38,20.38
134.4,140.45,-6.05,6.05
270.8,198.87,71.93,71.93
381.75,186.95,194.8,194.8
29.76,421.99,-392.23,392.23
110.53,302.26,-191.73,191.73
106.66,210.83,-104.17,104.17
151.08,309.9,-158.82,158.82
285.6,127.87,157.73,157.73
1001.4,743.35,258.05,258.05
1507.67,823.85,683.82,683.82
2.49,391.64,-389.15,389.15
424.24,252.41,171.83,171.83
27.0,317.23,-290.23,290.23
15.6,724.78,-709.18,709.18
25.2,239.81,-214.61,214.61
149.0,147.37,1.63,1.63
459.18,373.37,85.81,85.81
140.55,252.25,-111.7,111.7
307.66,276.24,31.42,31.42
597.68,561.3,36.38,36.38
229.5,691.56,-462.06,462.06
324.0,589.18,-265.18,265.18
272.64,901.07,-628.43,628.43
225.18,355.28,-130.11,130.11
622.47,233.6,388.87,388.87
342.46,308.34,34.12,34.12
390.93,194.63,196.3,196.3
346.92,525.42,-178.5,178.5
88.8,340.21,-251.41,251.41
236.94,346.66,-109.72,109.72
115.75,116.26,-0.51,0.51
309.35,281.55,27.8,27.8
153.16,213.78,-60.62,60.62
229.27,257.1,-27.83,27.83
275.5,513.58,-238.08,238.08
385.14,624.56,-239.42,239.42
1261.81,686.49,575.32,575.32
327.6,206.58,121.02,121.02
288.47,340.03,-51.56,51.56
1.68,155.31,-153.63,153.63
563.07,793.74,-230.67,230.67
348.12,376.23,-28.11,28.11
107.9,173.31,-65.41,65.41
457.6,316.18,141.42,141.42
138.68,759.89,-621.21,621.21
603.78,845.6,-241.82,241.82
212.33,464.47,-252.14,252.14
68.9,314.5,-245.6,245.6
341.24,278.44,62.8,62.8
243.84,175.66,68.18,68.18
358.8,760.91,-402.11,402.11
61.2,313.7,-252.5,252.5
115.57,176.58,-61.01,61.01
519.53,510.94,8.59,8.59
748.32,324.35,423.97,423.97
8060.3,4681.96,3378.34,3378.34
103.09,114.68,-11.59,11.59
19.92,143.41,-123.49,123.49
25.2,524.46,-499.26,499.26
2240.0,5915.7,-3675.7,3675.7
7138.12,4846.76,2291.36,2291.36
169.68,237.78,-68.1,68.1
411.75,298.45,113.3,113.3
8.29,92.29,-84.0,84.0
280.4,365.71,-85.31,85.31
273.8,411.55,-137.75,137.75
106.55,188.99,-82.44,82.44
205.32,678.78,-473.46,473.46
314.52,185.07,129.45,129.45
331.42,120.57,210.85,210.85
94.27,204.98,-110.71,110.71
125.63,194.51,-68.88,68.88
312.58,273.51,39.07,39.07
91.54,74.03,17.51,17.51
418.0,739.42,-321.42,321.42
192.0,135.68,56.32,56.32
39.6,274.54,-234.94,234.94
282.56,317.16,-34.6,34.6
278.52,262.87,15.65,15.65
463.6,1044.98,-581.38,581.38
44.4,61.56,-17.16,17.16
106.6,335.58,-228.98,228.98
325.16,518.6,-193.44,193.44
22.2,273.64,-251.44,251.44
770.92,567.1,203.82,203.82
306.84,229.64,77.2,77.2
334.34,353.29,-18.95,18.95
575.76,1219.83,-644.07,644.07
406.46,305.22,101.24,101.24
153.3,220.01,-66.71,66.71
244.55,172.78,71.77,71.77
692.84,531.44,161.4,161.4
184.2,171.01,13.19,13.19
192.2,416.45,-224.25,224.25
344.0,232.53,111.47,111.47
921.4,402.13,519.27,519.27
62.04,262.65,-200.61,200.61
157.94,194.91,-36.97,36.97
356.6,700.75,-344.15,344.15
214.62,325.68,-111.06,111.06
140.85,414.99,-274.14,274.14
171.93,175.82,-3.89,3.89
329.88,246.23,83.65,83.65
345.99,263.19,82.8,82.8
376.1,476.57,-100.47,100.47
99.0,233.8,-134.8,134.8
330.24,301.45,28.79,28.79
385.2,383.26,1.94,1.94
111.04,200.05,-89.01,89.01
146.02,254.14,-108.12,108.12
859.01,272.89,586.12,586.12
183.56,508.46,-324.9,324.9
3566.14,2331.15,1234.99,1234.99
123.12,13.68,109.44,109.44
355.78,207.65,148.13,148.13
202.31,163.9,38.41,38.41
